https://onemileatatime.com/american-airlines-bizarrely-timed-rio-de-janeiro-flight/,
https://onemileatatime.com/american-airlines-threatens-travel-agents/,
https://onemileatatime.com/american-international-lounge-access-policy/,
https://onemileatatime.com/american-airlines-new-york-to-tel-aviv-flight/,
https://onemileatatime.com/american-aadvantage-tailwind-promotion/,
https://onemileatatime.com/american-airlines-wine/,
https://onemileatatime.com/american-airlines-new-ceo/,
https://onemileatatime.com/aadvantage-mileup-card/,
https://onemileatatime.com/citi-aadvantage-executive-credit-card-review/,
https://onemileatatime.com/american-business-class-fares-south-america/,
https://onemileatatime.com/buy-american-miles/,
https://onemileatatime.com/new-airline-shopping-portal-bonuses/,
https://onemileatatime.com/american-airlines-bans-alcohol-dc-flights/,
https://onemileatatime.com/american-jetblue-partnership/,
https://onemileatatime.com/trump-supporter-kicked-off-flight-mask-joke/,
https://onemileatatime.com/american-airlines-bans-emotional-support-animals/,
https://onemileatatime.com/american-admirals-clubs-selling-krug-champagne/,
https://onemileatatime.com/american-slashes-philadelphia-transatlantic-routes/,
https://onemileatatime.com/american-airlines-charlotte-honolulu-flight/,
https://onemileatatime.com/american-fort-lauderdale-flights/,
https://onemileatatime.com/american-airlines-headquarters/,
https://onemileatatime.com/american-airlines-free-inflight-messaging/,
https://onemileatatime.com/aadvantage-member-preferred-boarding/,
https://onemileatatime.com/american-airlines-basic-economy/,
https://onemileatatime.com/american-aadvantage-elite-choice-rewards/,
https://onemileatatime.com/aadvantage-platinum-pro-oneworld-emerald/,
https://onemileatatime.com/american-airlines-tel-aviv/,
https://onemileatatime.com/american-concierge-key-benefits/,
https://onemileatatime.com/american-airlines-seattle-bangalore-flight/,
https://onemileatatime.com/american-airlines-ceo-flies-737-max/,
https://onemileatatime.com/american-aadvantage-member-gift/,
https://onemileatatime.com/will-american-end-a321t-premium-transcon-flights/,
https://onemileatatime.com/american-airlines-scrapping-a321/,
https://onemileatatime.com/american-737-max-flights-to-nowhere/,
https://onemileatatime.com/american-alaska-reciprocal-upgrades/,
https://onemileatatime.com/american-airlines-eliminates-international-change-fees/,
https://onemileatatime.com/muslim-woman-kicked-off-american-airlines-flight/,
https://onemileatatime.com/american-aadvantage-eliminating-award-fees/,
https://onemileatatime.com/american-airlines-wifi-subscription/,
https://onemileatatime.com/buy-american-airlines-status/,
https://onemileatatime.com/american-airlines-777-orlando/,
https://onemileatatime.com/american-737-max-flights/,
https://onemileatatime.com/american-airlines-limits-confirmed-upgrade-space/,
https://onemileatatime.com/american-airlines-retiring-a330/,
https://onemileatatime.com/american-aadvantage-program-changes-2021/,
https://onemileatatime.com/american-airlines-beijing-daxing-airport/,
https://onemileatatime.com/american-airlines-domestic-aircraft-changes/,
https://onemileatatime.com/new-york-to-los-cabos-flights/,
https://onemileatatime.com/redeem-american-aadvantage-miles-promotion/,
https://onemileatatime.com/unhappy-first-class-passenger-hands-flight-attendant-rude-note/,
https://onemileatatime.com/american-airlines-reducing-staffing-on-many-flights/,
https://onemileatatime.com/american-airlines-reopening-admirals-clubs/,
https://onemileatatime.com/american-airlines-gift-card-scam/,
https://onemileatatime.com/american-airlines-resuming-sydney-flights/,
https://onemileatatime.com/american-airlines-blm-pins/,
https://onemileatatime.com/american-airlines-cuts-change-fees-improves-basic-economy/,
https://onemileatatime.com/american-airlines-warm-weather-winter-routes/,
https://onemileatatime.com/doug-parker-compensation/,
https://onemileatatime.com/american-airlines-seattle-shanghai-flight/,
https://onemileatatime.com/american-airlines-workforce-shrinking/,
https://onemileatatime.com/american-airlines-hidden-city-ticketing/,
https://onemileatatime.com/american-airlines-drop-flights-small-cities/,
https://onemileatatime.com/food-american-airlines-first-class/,
https://onemileatatime.com/anti-masker-banned-american-airlines/,
https://onemileatatime.com/hot-food-american-admirals-clubs/,
https://onemileatatime.com/american-airlines-inflight-meal-changes/,
https://onemileatatime.com/american-airlines-warning-flight-attendants/,
https://onemileatatime.com/american-airlines-nut-surplus/,
https://onemileatatime.com/airlines-remove-face-mask-loopholes/,
https://onemileatatime.com/american-airlines-odd-first-class-meal-changes/,
https://onemileatatime.com/american-airlines-layoff-notices/,
https://onemileatatime.com/american-airlines-executive-uk-quarantine/,
https://onemileatatime.com/american-airlines-cancel-737-max-order/,
https://onemileatatime.com/american-airlines-seattle-london-flight/,
https://onemileatatime.com/airlines-suspend-hong-kong-flights-crew-testing/,
https://onemileatatime.com/american-airlines-shocking-response-dot-complaint/,
https://onemileatatime.com/american-airlines-heathrow-terminal-5/,
https://onemileatatime.com/american-aadvantage-award-fees/,
https://onemileatatime.com/american-airlines-vacations-elite-credit/,
https://onemileatatime.com/american-airlines-too-many-employees/,
https://onemileatatime.com/american-airlines-cuts-lax-transpacific-hub/,
https://onemileatatime.com/american-aadvantage-miles-no-longer-expire/,
https://onemileatatime.com/american-airlines-will-book-flights-100-full/,
https://onemileatatime.com/american-airlines-gate-agent-prays/,
https://onemileatatime.com/cancel-american-aadvantage-awards-online/,
https://onemileatatime.com/american-airlines-pilots-government-middle-seats/,
https://onemileatatime.com/american-airlines-first-class-service-coronavirus/,
https://onemileatatime.com/american-airlines-bans-passenger-face-mask/,
https://onemileatatime.com/airplane-face-mask-enforcement-mess/,
https://onemileatatime.com/removed-from-flight-for-not-wearing-mask/,
https://onemileatatime.com/american-airlines-business-extra-promotion/,
https://onemileatatime.com/president-of-american-aadvantage-stepping-down/,
https://onemileatatime.com/us-airlines-will-stop-flying-to-dozens-of-cities/,
https://onemileatatime.com/royal-air-maroc-awards-american-website/,
https://onemileatatime.com/american-airlines-double-miles-promo/,
https://onemileatatime.com/american-airlines-ceo-reads-about-racism/,
https://onemileatatime.com/american-airlines-employees-first-class/,
https://onemileatatime.com/american-airlines-cuts-management-jobs/,
https://onemileatatime.com/american-777-300er-raleigh-durham/,
https://onemileatatime.com/citibusiness-aadvantage-card/,
https://onemileatatime.com/citi-aadvantage-business-card-review/,
https://onemileatatime.com/aadvantage-award-search-workaround/,
https://onemileatatime.com/american-airlines-29-mile-flight/,
https://onemileatatime.com/airline-crews-enforce-face-mask-policy/,
https://onemileatatime.com/earn-american-bonus-miles-book-travel/,
https://onemileatatime.com/american-airlines-a321neo-iceland/,
https://onemileatatime.com/american-hyatt-healthcare-workers-vacations/,
https://onemileatatime.com/american-miles-gol-brazil/,
https://onemileatatime.com/american-airlines-ceo-calls-out-united-airlines/,
https://onemileatatime.com/citi-aadvantage-executive-card-225-credit/,
https://onemileatatime.com/american-airlines-face-masks-mandatory/,
https://onemileatatime.com/new-american-787-8-business-class-seat/,
https://onemileatatime.com/american-airlines-first-quarter-loss/,
https://onemileatatime.com/american-airlines-masks/,
https://onemileatatime.com/american-aadvantage-morocco-europe/,
https://onemileatatime.com/american-aadvantage-accounts-closed-car-rental-scam/,
https://onemileatatime.com/american-airlines-raises-transatlantic-checked-bag-fees/,
https://onemileatatime.com/american-airlines-ad-coronavirus/,
https://onemileatatime.com/american-airlines-safety-video/,
https://onemileatatime.com/american-airlines-lifetime-status/,
https://onemileatatime.com/comparing-american-delta-flight-pricing/,
https://onemileatatime.com/american-airlines-flight-attendants-cargo-flights/,
https://onemileatatime.com/american-airlines-extends-elite-status/,
https://onemileatatime.com/best-aadvantage-awards/,
https://onemileatatime.com/why-hasnt-american-airlines-extended-status-yet/,
https://onemileatatime.com/american-airlines-schedule-change-policy/,
https://onemileatatime.com/alaska-american-earn-miles/,
https://onemileatatime.com/american-airlines-junior-flight-attendants-fuming/,
https://onemileatatime.com/american-airlines-reduces-nyc-flights/,
https://onemileatatime.com/american-airlines-bans-non-rev-first-class/,
https://onemileatatime.com/american-airlines-axes-international-network/,
https://onemileatatime.com/american-airlines-passenger-seating/,
https://onemileatatime.com/american-airlines-retiring-737-a330/,
https://onemileatatime.com/american-airlines-employees-paid-leave/,
https://onemileatatime.com/us-airlines-consolidate-flights/,
https://onemileatatime.com/american-airlines-basic-economy-seating/,
https://onemileatatime.com/american-airlines-cheap-fare/,
https://onemileatatime.com/american-airlines-ceo-government-aid/,
https://onemileatatime.com/american-airlines-grounded-planes/,
https://onemileatatime.com/american-airlines-social-distancing/,
https://onemileatatime.com/american-airlines-suspends-food-beverage-service/,
https://onemileatatime.com/american-airlines-refund-bonus/,
https://onemileatatime.com/american-airlines-employees-masks/,
https://onemileatatime.com/american-airlines-closes-flagship-lounges-flagship-first-dining/,
https://onemileatatime.com/american-airlines-flight-attendants-angry/,
https://onemileatatime.com/american-airlines-offer-to-pilots/,
https://onemileatatime.com/american-airlines-cuts-international-flights-by-75/,
https://onemileatatime.com/airline-lounge-catering-changes/,
https://onemileatatime.com/american-airlines-757-767-retirement/,
https://onemileatatime.com/american-airlines-bankruptcy-risk/,
https://onemileatatime.com/american-airlines-cutting-capacity/,
https://onemileatatime.com/american-change-fee-waiver/,
https://onemileatatime.com/american-hyatt-status-fast-track/,
https://onemileatatime.com/american-airlines-main-cabin-extra-review/,
https://onemileatatime.com/american-etihad-partnership-ending/,
https://onemileatatime.com/american-airlines-change-fee-waiver/,
https://onemileatatime.com/american-airlines-mechanic-prison/,
https://onemileatatime.com/american-airlines-suspends-seoul-flights/,
https://onemileatatime.com/delta-retaliates-against-american-in-seattle/,
https://onemileatatime.com/american-airlines-suspends-milan-flights/,
https://onemileatatime.com/airline-stocks-coronavirus/,
https://onemileatatime.com/american-airlines-app-upgrade-list/,
https://onemileatatime.com/american-airlines-strategy/,
https://onemileatatime.com/american-airlines-qatar-airways-partnership/,
https://onemileatatime.com/sassiest-american-airlines-flight-attendant/,
https://onemileatatime.com/american-777-jfk-lax/,
https://onemileatatime.com/american-eagle-first-class-meal-pre-order/,
https://onemileatatime.com/american-selling-flagship-first-dining-access/,
https://onemileatatime.com/american-airlines-flight-delayed-refund/,
https://onemileatatime.com/american-airlines-seat-recline-video/,
https://onemileatatime.com/american-airlines-india/,
https://onemileatatime.com/admirals-club-access/,
https://onemileatatime.com/american-airlines-extends-china-hong-kong-cancelations-to-late-april-2020/,
https://onemileatatime.com/american-airlines-new-business-class-seat/,
https://onemileatatime.com/american-airlines-wifi-ad/,
https://onemileatatime.com/american-airlines-suspends-hong-kong-flights/,
https://onemileatatime.com/american-gol-brazil-codeshare/,
https://onemileatatime.com/american-airlines-cancels-china-flights/,
https://onemileatatime.com/american-airlines-mechanics-agreement/,
https://onemileatatime.com/american-airlines-pilots-refuse-to-fly-to-china/,
https://onemileatatime.com/american-airlines-a321-seat-power/,
https://onemileatatime.com/american-airlines-hard-seltzer/,
https://onemileatatime.com/american-airlines-new-seats/,
https://onemileatatime.com/american-airlines-award-chart/,
https://onemileatatime.com/american-airlines-employee-champions/,
https://onemileatatime.com/american-eliminates-award-close-in-ticketing-fees/,
https://onemileatatime.com/american-airlines-uncheck-in/,
https://onemileatatime.com/american-admirals-club-dfw/,
https://onemileatatime.com/american-airlines-employee-stalks-passenger/,
https://onemileatatime.com/american-airlines-downgrade/,
https://onemileatatime.com/american-airlines-project-kodiak/,
https://onemileatatime.com/american-flagship-lounge-heathrow/,
https://onemileatatime.com/new-jfk-terminal-8/,
https://onemileatatime.com/american-airlines-pilot-contract/,
https://onemileatatime.com/mileage-run-mexico-jail/,
https://onemileatatime.com/american-777-first-class-review/,
https://onemileatatime.com/american-airlines-diversions/,
https://onemileatatime.com/hyatt-globalist-american-executive-platinum/,
https://onemileatatime.com/american-flagship-first-dining-dfw-review/,
https://onemileatatime.com/american-flagship-lounge-dfw-review/,
https://onemileatatime.com/american-airlines-slogan/,
https://onemileatatime.com/american-757-business-class-review/,
https://onemileatatime.com/american-suing-delta-flagship/,
https://onemileatatime.com/american-aadvantage-web-special-awards/,
https://onemileatatime.com/american-aadvantage-account-shut-down/,
https://onemileatatime.com/air-tahiti-nui-premium-economy-awards/,
https://onemileatatime.com/american-airlines-pilot-trolling/,
https://onemileatatime.com/aavacations-business-class-deal/,
https://onemileatatime.com/american-airlines-inflight-credit-card-pitches/,
https://onemileatatime.com/earn-american-airlines-status-spending/,
https://onemileatatime.com/american-airlines-first-class-service/,
https://onemileatatime.com/american-airlines-hail-satan-shirt/,
https://onemileatatime.com/how-to-use-american-airlines-systemwide-upgrades/,
https://onemileatatime.com/american-airlines-cordoba-argentina/,
https://onemileatatime.com/american-airlines-avocado-toast/,
https://onemileatatime.com/american-increases-santiago-sao-paulo-flights/,
https://onemileatatime.com/american-airlines-increasing-service-to-israel/,
https://onemileatatime.com/american-airlines-james-beard-foundation/,
https://onemileatatime.com/american-admirals-club-tokyo-narita-closing/,
https://onemileatatime.com/american-airlines-upgrade-statistics/,
https://onemileatatime.com/american-systemwide-upgrade-extension/,
https://onemileatatime.com/american-airlines-bump-compensation/,
https://onemileatatime.com/american-admirals-club-miami-review/,
https://onemileatatime.com/american-eagle-plane-skids-off-runway/,
https://onemileatatime.com/american-eagle-jet-loses-control/,
https://onemileatatime.com/qualifying-for-american-executive-platinum/,
https://onemileatatime.com/why-american-removed-most-etihad-qatar-awards-from-website/,
https://onemileatatime.com/aadvantage-premium-economy-awards/,
https://onemileatatime.com/american-airlines-new-zealand-expansion/,
https://onemileatatime.com/what-i-like-least-about-american-delta-and-united/,
https://onemileatatime.com/american-a321-grounded/,
https://onemileatatime.com/american-airlines-boarding-notifications/,
https://onemileatatime.com/american-gol-partnership/,
https://onemileatatime.com/american-airlines-announces-leadership-changes/,
https://onemileatatime.com/american-airlines-september-operations/,
https://onemileatatime.com/american-airlines-leadership-change/,
https://onemileatatime.com/american-airlines-simplymiles/,
https://onemileatatime.com/american-improves-qantas-mileage-earning-rates/,
https://onemileatatime.com/american-airlines-increasing-south-america-flights/,
https://onemileatatime.com/aadvantage-aviator-business-mastercard-bonus/,
https://onemileatatime.com/american-latam-partnership/,
https://onemileatatime.com/american-latam-petty/,
https://onemileatatime.com/american-forced-celebrity-to-undress/,
https://onemileatatime.com/delta-latam/,
https://onemileatatime.com/american-airlines-shocking-delay/,
https://onemileatatime.com/american-airlines-seaborne/,
https://onemileatatime.com/american-airlines-tokyo-haneda/,
https://onemileatatime.com/bernie-sanders-american-airlines/,
https://onemileatatime.com/american-airlines-stand-up-to-cancer-plane/,
https://onemileatatime.com/airline-elite-status-conundrum/,
https://onemileatatime.com/book-cathay-pacific-awards-american-website/,
https://onemileatatime.com/american-airlines-mechanic-isis/,
https://onemileatatime.com/american-miles-vivid-seats/,
https://onemileatatime.com/american-airlines-five-star-award/,
https://onemileatatime.com/american-airlines-doesnt-want-us-to-help/,
https://onemileatatime.com/aadvantage-aviator-red-mastercard/,
https://onemileatatime.com/american-airlines-mechanic-sabotaging-plane/,
https://onemileatatime.com/american-airlines-resuming-negotiations-with-mechanics/,
https://onemileatatime.com/american-ruined-my-trip/,
https://onemileatatime.com/american-airlines-a319-first-class-review/,
https://onemileatatime.com/american-airlines-stock-five-year-low/,
https://onemileatatime.com/american-airlines-new-south-pacific-routes/,
https://onemileatatime.com/citi-aadvantage-platinum-card-review/,
https://onemileatatime.com/ameircan-a321t-mia-lax/,
https://onemileatatime.com/americans-latest-plans-to-update-unpopular-737s/,
https://onemileatatime.com/american-wins-court-battle-against-mechanics/,
https://onemileatatime.com/american-airlines-iceland-philadelphia/,
https://onemileatatime.com/dot-haneda-slots/,
https://onemileatatime.com/new-american-flights-to-israel-morocco-and-more/,
https://onemileatatime.com/american-airlines-huge-announcement/,
https://onemileatatime.com/how-to-do-an-american-aadvantage-status-challenge/,
https://onemileatatime.com/american-airlines-cancer-plane/,
https://onemileatatime.com/american-last-minute-award-pricing/,
https://onemileatatime.com/american-close-in-award-ticketing-fees/,
https://onemileatatime.com/american-largest-airline/,
https://onemileatatime.com/american-airlines-bolivia/,
https://onemileatatime.com/american-passenger-assault-video/,
https://onemileatatime.com/american-airlines-delay-compensation/,
https://onemileatatime.com/airline-ceos-white-house/,
https://onemileatatime.com/joint-venture-american-qantas/,
https://onemileatatime.com/president-trump-airline-ceos/,
https://onemileatatime.com/american-airlines-las-vegas-tokyo/,
https://onemileatatime.com/american-airlines-flight-attendant-song/,
https://onemileatatime.com/racist-american-flight-attendant/,
https://onemileatatime.com/american-airlines-missed-flight/,
https://onemileatatime.com/american-airlines-free-wifi/,
https://onemileatatime.com/book-jal-awards-american-website/,
https://onemileatatime.com/not-cool-american-airlines-forces-woman-to-cover-up/,
https://onemileatatime.com/best-first-class-flights-usa/,
https://onemileatatime.com/elite-status/,
https://onemileatatime.com/american-maintenance-delays/,
https://onemileatatime.com/american-cuts-chicago-china-flights/,
https://onemileatatime.com/american-airlines-memorable/,
https://onemileatatime.com/american-companion-upgrade/,
https://onemileatatime.com/favorite-american-employee/,
https://onemileatatime.com/new-american-routes-caribbean-latin-america/,
https://onemileatatime.com/american-md-80-retirement/,
https://onemileatatime.com/american-cuts-premium-flights-to-boston/,
https://onemileatatime.com/spectacular-american-airlines-flight/,
https://onemileatatime.com/american-airlines-a321xlr-order/,
https://onemileatatime.com/american-airlines-high-speed-wifi/,
https://onemileatatime.com/american-airlines-safe/,
https://onemileatatime.com/american-mechanics-restraining-order/,
https://onemileatatime.com/american-mechanic-video/,
https://onemileatatime.com/american-airlines-lounge-wine/,
https://onemileatatime.com/redeem-american-miles-china-southern-first-class/,
https://onemileatatime.com/american-a321-toronto/,
https://onemileatatime.com/american-mechanics-delaying-flights/,
https://onemileatatime.com/american-airbus-a321lr/,
https://onemileatatime.com/american-airlines-experience/,
https://onemileatatime.com/american-ceo-bought-more-stock/,
https://onemileatatime.com/american-airlines-stock-three-year-low/,
https://onemileatatime.com/cheapest-miles-etihad-a380-first-class/,
https://onemileatatime.com/american-oasis-737/,
https://onemileatatime.com/american-airlines-inflight-entertainment/,
https://onemileatatime.com/american-union-threatens-airline/,
https://onemileatatime.com/american-airlines-mechanics-delays/,
https://onemileatatime.com/american-europe-award-promo/,
https://onemileatatime.com/american-suspends-737-refresh-program/,
https://onemileatatime.com/american-airlines-upgrade-list-confusion/,
https://onemileatatime.com/american-app-award-bookings/,
https://onemileatatime.com/american-flagship-lounge-dfw/,
https://onemileatatime.com/american-hyatt-registration/,
https://onemileatatime.com/pilot-arrested-murder-charges/,
https://onemileatatime.com/best-american-flight-attendant/,
https://onemileatatime.com/american-lax-mia-lounge-access/,
https://onemileatatime.com/book-etihad-awards-american-website/,
https://onemileatatime.com/american-airlines-first-class-seats/,
https://onemileatatime.com/things-american-airlines-does-well/,
https://onemileatatime.com/american-app-boarding-notification/,
https://onemileatatime.com/how-did-us-airlines-do-in-the-first-quarter-of-2019/,
https://onemileatatime.com/american-first-class-special-meal-frozen/,
https://onemileatatime.com/redeem-american-business-extra-awards-online/,
https://onemileatatime.com/american-wing-strike-takeoff-passenger-experience/,
https://onemileatatime.com/american-airlines-flight-jfk-takeoff-incident/,
https://onemileatatime.com/american-airlines-lying-cancelation/,
https://onemileatatime.com/american-aadvantage-new-award-search-tool/,
https://onemileatatime.com/flight-attendant-spills-drinks-american-ceo/,
https://onemileatatime.com/american-aadvantage-etihad-awards/,
https://onemileatatime.com/american-admirals-club-tokyo-narita-review/,
https://onemileatatime.com/american-credit-card-increased-bonus/,
https://onemileatatime.com/american-miles-marriott-stays/,
https://onemileatatime.com/oneworld-business-class-fares-amsterdam/,
https://onemileatatime.com/redeem-american-miles-china-southern/,
https://onemileatatime.com/rebooking-american-737-max-flight/,
https://onemileatatime.com/american-airlines-hyatt-partnership/,
https://onemileatatime.com/redeeming-american-miles-on-etihad-trick/,
https://onemileatatime.com/american-10-mileage-rebate-ending-on-all-credit-cards/,
https://onemileatatime.com/etihad-united-partnership/,
https://onemileatatime.com/tokyo-haneda-additional-flights/,
https://onemileatatime.com/american-airlines-contract-negotiations/,
https://onemileatatime.com/new-american-systemwide-upgrade-restrictions/,
https://onemileatatime.com/american-the-private-suite-blade/,
https://onemileatatime.com/american-flight-attendant-skit/,
https://onemileatatime.com/flight-attendant-credit-card-sales-pitch/,
https://onemileatatime.com/american-airlines-kosher-breakfast/,
https://onemileatatime.com/american-amenity-kits/,
https://onemileatatime.com/american-flagship-dining-concierge-key/,
https://onemileatatime.com/american-airlines-amenity-kits-2019/,
https://onemileatatime.com/american-airlines-apple-music/,
https://onemileatatime.com/american-787-retrofit/,
https://onemileatatime.com/american-airlines-2018-profits/,
https://onemileatatime.com/family-kicked-off-flight-odor/,
https://onemileatatime.com/redeem-miles-american-premium-economy/,
https://onemileatatime.com/how-many-american-concierge-key-members/,
https://onemileatatime.com/how-not-to-determine-the-value-of-american-miles/,
https://onemileatatime.com/american-airlines-incompetence/,
https://onemileatatime.com/admirals-club-national-news/,
https://onemileatatime.com/fly-american-airlines-2019/,
https://onemileatatime.com/american-airlines-phoenix-diversion/,
https://onemileatatime.com/elite-status-2018/,
https://onemileatatime.com/delta-ban-rude-passengers/,
https://onemileatatime.com/delta-bans-emotional-support-animals/,
https://onemileatatime.com/delta-viasat-wi-fi/,
https://onemileatatime.com/delta-christmas-meltdown/,
https://onemileatatime.com/family-kicked-off-united-flies-again/,
https://onemileatatime.com/delta-skymiles-72-hour-rule/,
https://onemileatatime.com/delta-eliminates-international-change-fees/,
https://onemileatatime.com/delta-cancelations-coronavirus/,
https://onemileatatime.com/man-grills-steak-delta-flight/,
https://onemileatatime.com/delta-thanksgiving-meltdown/,
https://onemileatatime.com/delta-a350-comfort-plus/,
https://onemileatatime.com/delta-westjet-joint-venture-called-off/,
https://onemileatatime.com/delta-blocking-seats/,
https://onemileatatime.com/delta-avoiding-tariffs-airbus-planes/,
https://onemileatatime.com/delta-final-777-flight/,
https://onemileatatime.com/skymiles-partner-award-devaluation/,
https://onemileatatime.com/maskless-delta-captain-confronts-passenger/,
https://onemileatatime.com/delta-diamond-medallion-status-match/,
https://onemileatatime.com/delta-seattle-london-flight/,
https://onemileatatime.com/delta-third-quarter-results/,
https://onemileatatime.com/politicians-exposed-coronavirus-fly/,
https://onemileatatime.com/delta-a220-300/,
https://onemileatatime.com/delta-retiring-crj-717-767/,
https://onemileatatime.com/amex-offers-delta-discount/,
https://onemileatatime.com/skymiles-eliminates-domestic-award-change-fees/,
https://onemileatatime.com/new-york-to-los-cabos-flights/,
https://onemileatatime.com/new-delta-skyclub-slc/,
https://onemileatatime.com/delta-skymiles-loan/,
https://onemileatatime.com/delta-wont-furlough-flight-attendants/,
https://onemileatatime.com/delta-black-lives-matter-shirt/,
https://onemileatatime.com/delta-upgrade-companion/,
https://onemileatatime.com/delta-eliminates-domestic-change-fees/,
https://onemileatatime.com/delta-hand-sanitizer-stations-planes/,
https://onemileatatime.com/delta-ban-mask-picture/,
https://onemileatatime.com/delta-pilots-jobs-outsourced/,
https://onemileatatime.com/delta-ban-man-who-killed-bin-laden/,
https://onemileatatime.com/delta-amex-card-spending-bonuses/,
https://onemileatatime.com/delta-pilot-couple-retires/,
https://onemileatatime.com/delta-stops-blocking-seats-to-one-destination/,
https://onemileatatime.com/delta-bans-anti-maskers/,
https://onemileatatime.com/delta-air-lines-anti-maskers/,
https://onemileatatime.com/delta-air-lines/,
https://onemileatatime.com/delta-air-lines-alcohol/,
https://onemileatatime.com/delta-resume-china-flights/,
https://onemileatatime.com/delta-air-lines-cape-town/,
https://onemileatatime.com/notorious-delta-flight-attendant-leaves-company/,
https://onemileatatime.com/delta-gogo-wifi-changes/,
https://onemileatatime.com/us-airlines-will-stop-flying-to-dozens-of-cities/,
https://onemileatatime.com/delta-latam-a350/,
https://onemileatatime.com/delta-retiring-boeing-777-fleet/,
https://onemileatatime.com/airline-crews-enforce-face-mask-policy/,
https://onemileatatime.com/delta-air-lines-face-masks/,
https://onemileatatime.com/delta-boeing-737-max/,
https://onemileatatime.com/delta-first-quarter-loss/,
https://onemileatatime.com/comparing-american-delta-flight-pricing/,
https://onemileatatime.com/delta-united-pre-sell-miles-banks/,
https://onemileatatime.com/delta-blocks-middle-seats-upgrades/,
https://onemileatatime.com/delta-management-pilot-union/,
https://onemileatatime.com/delta-skymiles-extends-medallion-status/,
https://onemileatatime.com/delta-pilots-covid-19/,
https://onemileatatime.com/delta-voucher-expiration/,
https://onemileatatime.com/delta-air-lines-global-strategy-backfiring/,
https://onemileatatime.com/delta-latam-frequent-flyer-benefits/,
https://onemileatatime.com/us-airlines-consolidate-flights/,
https://onemileatatime.com/delta-air-lines-cuts-inflight-service/,
https://onemileatatime.com/delta-coronavirus-update/,
https://onemileatatime.com/delta-grounding-planes-cutting-flights/,
https://onemileatatime.com/delta-allowing-previously-booked-tickets-change/,
https://onemileatatime.com/delta-waiving-change-fees-on-international-flights/,
https://onemileatatime.com/delta-retaliates-against-american-in-seattle/,
https://onemileatatime.com/delta-spiked-seltzer/,
https://onemileatatime.com/airline-stocks-coronavirus/,
https://onemileatatime.com/delta-skyclub-access/,
https://onemileatatime.com/delta-carbon-neutral/,
https://onemileatatime.com/delta-pay-with-miles/,
https://onemileatatime.com/earning-elite-status-delta-credit-card/,
https://onemileatatime.com/delta-blue-amex-review/,
https://onemileatatime.com/delta-reserve-credit-card-review/,
https://onemileatatime.com/delta-platinum-amex-card-review/,
https://onemileatatime.com/delta-one-suites/,
https://onemileatatime.com/gold-delta-american-express-card-review/,
https://onemileatatime.com/delta-amex-card-changes/,
https://onemileatatime.com/air-france-klm-delta-and-virgin-atlantic-launch-new-joint-venture/,
https://onemileatatime.com/delta-cancels-china-flights/,
https://onemileatatime.com/delta-skyclub-guesting-cost-increased/,
https://onemileatatime.com/new-delta-first-class-seat/,
https://onemileatatime.com/delta-a320-first-class-review/,
https://onemileatatime.com/delta-one-business-class-a330-900neo-review/,
https://onemileatatime.com/delta-milestone-awards/,
https://onemileatatime.com/delta-pet-travel/,
https://onemileatatime.com/delta-miami-expansion/,
https://onemileatatime.com/latam-jfk-terminal-change/,
https://onemileatatime.com/delta-plane-dumps-fuel/,
https://onemileatatime.com/delta-a321-first-class-review/,
https://onemileatatime.com/delta-skyclub-miami-review/,
https://onemileatatime.com/ana-new-777-review-trip/,
https://onemileatatime.com/american-suing-delta-flagship/,
https://onemileatatime.com/delta-airlines-for-america/,
https://onemileatatime.com/delta-beijing-daxing-airport/,
https://onemileatatime.com/delta-lyft-promo/,
https://onemileatatime.com/delta-damaged-757-flying/,
https://onemileatatime.com/delta-flight-attendant-fired/,
https://onemileatatime.com/delta-comfort-plus-upgrade/,
https://onemileatatime.com/delta-latam-codeshare/,
https://onemileatatime.com/branson-backtracks-virgin-atlantic-sale/,
https://onemileatatime.com/new-delta-transatlantic-joint-venture/,
https://onemileatatime.com/delta-warning-letter/,
https://onemileatatime.com/delta-one-award-sale/,
https://onemileatatime.com/buy-delta-status/,
https://onemileatatime.com/delta-flight-attendant-union/,
https://onemileatatime.com/delta-cuts-azores-malaga/,
https://onemileatatime.com/delta-a330-900neo-lease/,
https://onemileatatime.com/what-i-like-least-about-american-delta-and-united/,
https://onemileatatime.com/delta-skymiles-select/,
https://onemileatatime.com/delta-seattle-tampa-flight/,
https://onemileatatime.com/how-to-use-the-delta-amex-statement-credit/,
https://onemileatatime.com/delta-million-miler-gift/,
https://onemileatatime.com/delta-south-america/,
https://onemileatatime.com/delta-global-upgrades-first-class/,
https://onemileatatime.com/deltas-latam-investment-losers/,
https://onemileatatime.com/delta-latam/,
https://onemileatatime.com/delta-boston-rome-flight/,
https://onemileatatime.com/airline-elite-status-conundrum/,
https://onemileatatime.com/delta-free-wifi/,
https://onemileatatime.com/delta-damaged-757/,
https://onemileatatime.com/delta-717/,
https://onemileatatime.com/delta-tokyo-haneda-flights/,
https://onemileatatime.com/delta-amex-pretzels/,
https://onemileatatime.com/delta-pilots-aeromexico/,
https://onemileatatime.com/delta-vacations-skymiles-promotion/,
https://onemileatatime.com/delta-employees-pay-raise/,
https://onemileatatime.com/delta-crj-900-first-class-review/,
https://onemileatatime.com/seahawks-fans-free-miles/,
https://onemileatatime.com/delta-737-first-class-review/,
https://onemileatatime.com/rough-landing-damage-delta-757/,
https://onemileatatime.com/delta-pilots-oppose-new-partnership/,
https://onemileatatime.com/delta-virgin-atlantic-transatlantic-expansion/,
https://onemileatatime.com/dot-haneda-slots/,
https://onemileatatime.com/delta-ends-tokyo-narita-flights/,
https://onemileatatime.com/delta-a220-atlanta-seattle/,
https://onemileatatime.com/delta-sky-club-santiago-review/,
https://onemileatatime.com/delta-a330-900neo/,
https://onemileatatime.com/best-first-class-flights-usa/,
https://onemileatatime.com/elite-status/,
https://onemileatatime.com/delta-one-suites-experience/,
https://onemileatatime.com/delta-economy-improvements/,
https://onemileatatime.com/delta-status-match/,
https://onemileatatime.com/flying-club-delta/,
https://onemileatatime.com/new-delta-767-business-class/,
https://onemileatatime.com/delta-amenity-kits/,
https://onemileatatime.com/delta-korean-air-investment/,
https://onemileatatime.com/delta-amex-pay-with-miles/,
https://onemileatatime.com/delta-skymiles-benefits-virgin-atlantic/,
https://onemileatatime.com/delta-wifi/,
https://onemileatatime.com/delta-reclaim-my-status/,
https://onemileatatime.com/redeeming-virgin-atlantic-miles-on-delta/,
https://onemileatatime.com/things-delta-does-well/,
https://onemileatatime.com/delta-mumbai-flight-bookable/,
https://onemileatatime.com/delta-airlines-india/,
https://onemileatatime.com/how-did-us-airlines-do-in-the-first-quarter-of-2019/,
https://onemileatatime.com/delta-air-lines-better/,
https://onemileatatime.com/delta-a220-first-class/,
https://onemileatatime.com/delta-reducing-seat-recline-320/,
https://onemileatatime.com/delta-london-gatwick/,
https://onemileatatime.com/delta-one-seat-767-400/,
https://onemileatatime.com/amex-delta-partnership-renewed/,
https://onemileatatime.com/trump-faa-nominee/,
https://onemileatatime.com/delta-raises-business-class-award-costs-europe/,
https://onemileatatime.com/delta-expands-basic-economy-award-tickets/,
https://onemileatatime.com/delta-a330-900neo-seatmap/,
https://onemileatatime.com/tokyo-haneda-additional-flights/,
https://onemileatatime.com/delta-india/,
https://onemileatatime.com/delta-napkin-apology/,
https://onemileatatime.com/delta-mqd/,
https://onemileatatime.com/delta-a220-delay/,
https://onemileatatime.com/delta-one-757-review/,
https://onemileatatime.com/delta-a220-order/,
https://onemileatatime.com/passengers-refuse-to-wear-masks-israel-flight/,
https://onemileatatime.com/united-airlines-vaccine-mandatory-employees/,
https://onemileatatime.com/new-airline-shopping-portal-bonuses/,
https://onemileatatime.com/united-airlines-delays-jfk-return/,
https://onemileatatime.com/united-airlines-bans-emotional-support-animals/,
https://onemileatatime.com/united-buy-miles-promo/,
https://onemileatatime.com/united-airlines-cuts-cocktail-picks-saves-80k-year/,
https://onemileatatime.com/united-airlines-pilots-coronavirus/,
https://onemileatatime.com/family-kicked-off-united-flies-again/,
https://onemileatatime.com/united-airlines-intra-alaska-flight/,
https://onemileatatime.com/passenger-coronavirus-dies-united-flight/,
https://onemileatatime.com/dr-dao-book/,
https://onemileatatime.com/united-bans-two-year-old-mask/,
https://onemileatatime.com/united-airlines-travelbank-promotion/,
https://onemileatatime.com/united-flight-attendants-sick/,
https://onemileatatime.com/united-airlines-executive-still-missing/,
https://onemileatatime.com/united-explorer-card-review/,
https://onemileatatime.com/united-mileageplus-premier-status/,
https://onemileatatime.com/united-jfk-flights/,
https://onemileatatime.com/united-airlines-age-discrimination-lawsuit/,
https://onemileatatime.com/waitlist-united-mileageplus-awards/,
https://onemileatatime.com/united-airlines-trials-coronavirus-free-flights/,
https://onemileatatime.com/united-airlines-lavatory-policy/,
https://onemileatatime.com/united-mileageplus-devalues-partner-awards-again/,
https://onemileatatime.com/united-airlines-accra/,
https://onemileatatime.com/united-airlines-third-quarter-loss/,
https://onemileatatime.com/united-upgrading-pilots-before-customers/,
https://onemileatatime.com/united-flights-bangalore-johannesburg/,
https://onemileatatime.com/united-business-card/,
https://onemileatatime.com/united-gateway-card/,
https://onemileatatime.com/united-airlines-jfk-airport/,
https://onemileatatime.com/united-airlines-hawaii-flights/,
https://onemileatatime.com/united-airlines-closing-foreign-crew-bases/,
https://onemileatatime.com/united-airlines-covid-19-testing/,
https://onemileatatime.com/new-york-to-los-cabos-flights/,
https://onemileatatime.com/united-airlines-lawsuit-nfl/,
https://onemileatatime.com/united-airlines-modifying-787/,
https://onemileatatime.com/united-airlines-africa-india-hawaii-expansion/,
https://onemileatatime.com/guess-united-international-routes/,
https://onemileatatime.com/guy-flies-united-airlines-massive-boarding-pass/,
https://onemileatatime.com/united-airlines-bizarre-promise-of-forever/,
https://onemileatatime.com/united-airlines-eliminates-change-fees-permanently/,
https://onemileatatime.com/united-airlines-canceling-empty-flights/,
https://onemileatatime.com/united-airlines-india-job-error/,
https://onemileatatime.com/united-airlines-outsourcing-management-jobs/,
https://onemileatatime.com/buy-united-airlines-nuts/,
https://onemileatatime.com/united-airlines-executive-missing/,
https://onemileatatime.com/united-airlines-florida-expansion/,
https://onemileatatime.com/united-global-services-status-challenge/,
https://onemileatatime.com/united-captain-pep-talk/,
https://onemileatatime.com/brazil-bans-pillows-airplanes/,
https://onemileatatime.com/united-club-infinite-card/,
https://onemileatatime.com/united-extends-global-services-adds-united-club-perk/,
https://onemileatatime.com/united-airlines-mailing-inflight-magazines/,
https://onemileatatime.com/united-airlines-second-quarter-loss/,
https://onemileatatime.com/united-airlines-pilot-alcoholics-anonymous/,
https://onemileatatime.com/united-airlines-furlough/,
https://onemileatatime.com/airlines-suspend-hong-kong-flights-crew-testing/,
https://onemileatatime.com/united-airlines-sydney-50-passengers/,
https://onemileatatime.com/united-airlines-chicago-tel-aviv-flight/,
https://onemileatatime.com/united-airlines-china-flights/,
https://onemileatatime.com/united-mileageplus-statistics/,
https://onemileatatime.com/united-airlines-health-self-assessment/,
https://onemileatatime.com/united-airlines-improves-refund-policy/,
https://onemileatatime.com/us-airlines-will-stop-flying-to-dozens-of-cities/,
https://onemileatatime.com/nfl-player-sues-united-airlines-sexual-harassment/,
https://onemileatatime.com/united-airlines-voluntary-separation-package/,
https://onemileatatime.com/airline-crews-enforce-face-mask-policy/,
https://onemileatatime.com/social-distancing-united-airlines/,
https://onemileatatime.com/brett-hart-united-airlines/,
https://onemileatatime.com/american-airlines-ceo-calls-out-united-airlines/,
https://onemileatatime.com/united-airlines-787-10-order/,
https://onemileatatime.com/united-airlines-pilot-layoffs/,
https://onemileatatime.com/united-airlines-cancelled-flight/,
https://onemileatatime.com/united-airlines-first-quarter-loss/,
https://onemileatatime.com/united-mileage-plus-raises-partner-award-costs/,
https://onemileatatime.com/united-mileageplus-status-partner-flights/,
https://onemileatatime.com/united-airlines-masks-mandatory/,
https://onemileatatime.com/united-airlines-social-distancing-sham/,
https://onemileatatime.com/united-airlines-blocking-seats/,
https://onemileatatime.com/united-airlines-future/,
https://onemileatatime.com/delta-united-pre-sell-miles-banks/,
https://onemileatatime.com/united-mileageplus-extends-status/,
https://onemileatatime.com/united-airlines-reduces-newark-flights/,
https://onemileatatime.com/united-airlines-waiving-award-redeposit-fees/,
https://onemileatatime.com/us-airlines-consolidate-flights/,
https://onemileatatime.com/united-airlines-layoffs/,
https://onemileatatime.com/united-airlines-flights-empty/,
https://onemileatatime.com/united-airlines-reinstates-international-flights/,
https://onemileatatime.com/united-airlines-cancels-international-flights/,
https://onemileatatime.com/united-airlines-social-distancing/,
https://onemileatatime.com/united-airlines-closing-lounges/,
https://onemileatatime.com/united-airlines-letter-employees/,
https://onemileatatime.com/united-airlines-refund-one-year/,
https://onemileatatime.com/united-airlines-selling-first-class-upgrades/,
https://onemileatatime.com/united-airlines-case-by-case-refund-policy/,
https://onemileatatime.com/united-airlines-domestic-bookings-down-70/,
https://onemileatatime.com/united-airlines-allowing-free-changes-all-flights/,
https://onemileatatime.com/united-tells-elite-members-not-to-expect-anything/,
https://onemileatatime.com/united-airlines-schedule-change-policy/,
https://onemileatatime.com/united-airlines-change-fee-waiver/,
https://onemileatatime.com/united-airlines-pilots-paid-leave/,
https://onemileatatime.com/united-airlines-scales-back-asia-flights/,
https://onemileatatime.com/airline-stocks-coronavirus/,
https://onemileatatime.com/lufthansa-united-invest-tap-air-portugal/,
https://onemileatatime.com/united-increases-checked-bag-fees/,
https://onemileatatime.com/united-club-access/,
https://onemileatatime.com/united-airlines-cancels-hong-kong-flights/,
https://onemileatatime.com/united-increases-checked-bag-fees/,
https://onemileatatime.com/united-club-access/,
https://onemileatatime.com/united-airlines-cancels-hong-kong-flights/,
https://onemileatatime.com/united-airlines-vistara/,
https://onemileatatime.com/united-airlines-training-crews-stop-porn-use/,
https://onemileatatime.com/united-airlines-window-shade-policy/,
https://onemileatatime.com/united-airlines-eliminates-bag-sizers/,
https://onemileatatime.com/united-787-polaris-seats/,
https://onemileatatime.com/united-mileageplus-status-match-challenge/,
https://onemileatatime.com/longest-united-airlines-upgrade-list/,
https://onemileatatime.com/united-airlines-san-francisco-dublin/,
https://onemileatatime.com/new-united-airlines-ceo/,
https://onemileatatime.com/united-airlines-a321xlr/,
https://onemileatatime.com/united-scales-back-hkg-flights/,
https://onemileatatime.com/united-airlines-arrivals-lounge-closing/,
https://onemileatatime.com/united-767-polaris-business-class-review/,
https://onemileatatime.com/united-increases-award-costs-close-to-departure/,
https://onemileatatime.com/united-airlines-hotel-luggage-delivery/,
https://onemileatatime.com/united-airlines-virtual-cabin-tour/,
https://onemileatatime.com/united-airlines-star-wars-safety-video/,
https://onemileatatime.com/united-airlines-crj-550/,
https://onemileatatime.com/what-i-like-least-about-american-delta-and-united/,
https://onemileatatime.com/united-airlines-latin-america/,
https://onemileatatime.com/frequent-flyer-program-changes/,
https://onemileatatime.com/united-airlines-status-changes/,
https://onemileatatime.com/united-hotel-points-promotion/,
https://onemileatatime.com/united-dynamic-partner-award-pricing/,
https://onemileatatime.com/united-premium-plus-domestic/,
https://onemileatatime.com/united-airlines-pluspoints/,
https://onemileatatime.com/united-downgrades-hong-kong-flights/,
https://onemileatatime.com/united-miles-no-longer-expire/,
https://onemileatatime.com/united-airlines-suspends-hong-kong-flights/,
https://onemileatatime.com/united-airlines-new-routes/,
https://onemileatatime.com/united-airlines-announcing-new-international-routes/,
https://onemileatatime.com/united-airlines-tokyo-haneda-flights/,
https://onemileatatime.com/united-flight-attendants-drinking/,
https://onemileatatime.com/united-737-max-personal-televisions/,
https://onemileatatime.com/united-airlines-cracks-down-on-drinking-pilots/,
https://onemileatatime.com/united-787-10-polaris-review/,
https://onemileatatime.com/dot-haneda-slots/,
https://onemileatatime.com/united-pilots-drank-too-much/,
https://onemileatatime.com/united-staff-hidden-city-ticketing/,
https://onemileatatime.com/united-clear-partnership/,
https://onemileatatime.com/airline-ceos-white-house/,
https://onemileatatime.com/president-trump-airline-ceos/,
https://onemileatatime.com/united-airlines-buying-used-737/,
https://onemileatatime.com/best-first-class-flights-usa/,
https://onemileatatime.com/united-complimentary-snacks/,
https://onemileatatime.com/united-sapphire-reserve/,
https://onemileatatime.com/united-sfo-hkg/,
https://onemileatatime.com/united-business-class-pajamas/,
https://onemileatatime.com/united-club-membership-fees-increasing/,
https://onemileatatime.com/united-ceo-737-max/,
https://onemileatatime.com/united-airlines-spider-man-safety-video/,
https://onemileatatime.com/united-bonus-miles-expedia/,
https://onemileatatime.com/united-airlines-cape-town/,
https://onemileatatime.com/things-united-airlines-does-well/,
https://onemileatatime.com/how-did-us-airlines-do-in-the-first-quarter-of-2019/,
https://onemileatatime.com/united-employee-called-passenger-monkey/,
https://onemileatatime.com/united-new-livery/,
https://onemileatatime.com/united-airlines-threatens-expedia/,
https://onemileatatime.com/dr-dao-interview/,
https://onemileatatime.com/mileage-plus-devaluation/,
https://onemileatatime.com/united-mileage-plus-changes/,
https://onemileatatime.com/united-executive-low-cost-carrier/,
https://onemileatatime.com/mileageplus-dynamic-award-pricing/,
https://onemileatatime.com/united-polaris-lounge-san-francisco-review/,
https://onemileatatime.com/united-business-class-787-review/,
https://onemileatatime.com/united-mileageplus-restores-awards-on-tap-thai/,
https://onemileatatime.com/etihad-united-partnership/,
https://onemileatatime.com/tokyo-haneda-additional-flights/,
https://onemileatatime.com/united-1k-international-first-class-seats/,
https://onemileatatime.com/tahiti-trip-report/,
https://onemileatatime.com/what-is-the-crj550/,
https://onemileatatime.com/united-adding-first-class-seats/,
https://onemileatatime.com/united-airlines-free-directv/,
https://onemileatatime.com/united-777-stranded-goose-bay/,
https://onemileatatime.com/united-blocking-partner-awards/,
https://onemileatatime.com/united-airlines-new-employee-uniforms/,
https://onemileatatime.com/united-new-polaris-seats-787/,
https://onemileatatime.com/united-nice-to-apple-employees/,
https://onemileatatime.com/united-airlines-apple-contract/,
https://onemileatatime.com/united-polaris-lounge-lax-pictures/,
https://onemileatatime.com/united-private-suite-lax-review/,
https://onemileatatime.com/polaris-cooking-experience/,
https://onemileatatime.com/paine-field-terminal/,
https://onemileatatime.com/cooking-polaris-meal/,
https://onemileatatime.com/united-cookbook-recipes/