https://thepointsguy.com/news/status-match-american-to-delta/,
https://thepointsguy.com/news/american-airlines-phl-new-routes/,
https://thepointsguy.com/news/american-airlines-cost-cutting-2020-loss/,
https://thepointsguy.com/news/admirals-club-access-changes/,
https://thepointsguy.com/news/american-a321t-is-back/,
https://thepointsguy.com/news/american-airlines-interesting-super-bowl-strategy/,
https://thepointsguy.com/news/american-airlines-double-miles-tailwind-promotion/,
https://thepointsguy.com/news/american-airlines-new-york-ath-tlv/,
https://thepointsguy.com/news/american-airlines-flagship-wines/,
https://thepointsguy.com/news/american-adds-two-routes-adds-utah-florida/,
https://thepointsguy.com/news/american-airlines-streamlines-new-international-testing-requirement/,
https://thepointsguy.com/news/american-jetblue-alliance-benefits/,
https://thepointsguy.com/news/american-new-seasonal-florida-routes/,
https://thepointsguy.com/news/american-aadvantage-elite-rollover/,
https://thepointsguy.com/news/american-bans-support-animals/,
https://thepointsguy.com/news/american-airlines-737-max-relaunch/,
https://thepointsguy.com/news/american-airlines-boarding-group-6/,
https://thepointsguy.com/news/american-free-messaging-viasat/,
https://thepointsguy.com/news/american-elite-status-rewards/,
https://thepointsguy.com/news/dallas-tel-aviv-flights-now-bookable-american-airlines/,
https://thepointsguy.com/news/american-free-gift-promotion/,
https://thepointsguy.com/news/american-737-max-demo-flight/,
https://thepointsguy.com/news/american-airlines-black-friday-discount/,
https://thepointsguy.com/news/american-airlines-flight-attendant-shortage/,
https://thepointsguy.com/news/future-of-american-airlines-a321t/,
https://thepointsguy.com/news/american-airlines-newburgh-new-haven-williamsport-exit/,
https://thepointsguy.com/news/aa-status-chalenge-mastercard/,
https://thepointsguy.com/news/american-drops-change-phone-fee/,
https://thepointsguy.com/news/american-airlines-teases-reciprocal-upgrades-alaska-airlines-jetblue-partnerships/,
https://thepointsguy.com/news/american-drops-award-cancel-fee/,
https://thepointsguy.com/news/aa-wifi-plan/,
https://thepointsguy.com/news/american-airlines-covid-testing/,
https://thepointsguy.com/news/american-airlines-shanghai-china-return/,
https://thepointsguy.com/news/american-expertflyer-upgrades/,
https://thepointsguy.com/news/american-limits-upgrade-space/,
https://thepointsguy.com/news/american-airlines-project-oasis-updates-new-timeline/,
https://thepointsguy.com/news/american-airlines-retires-airbus-a330s/,
https://thepointsguy.com/news/should-you-earn-aa-miles-instead-of-cash-on-your-savings/,
https://thepointsguy.com/news/american-airlines-beijing-flights-daxing-airport/,
https://thepointsguy.com/news/american-swu-basic-economy/,
https://thepointsguy.com/news/american-cuts-oneworld-seating/,
https://thepointsguy.com/news/american-ends-physical-elite-cards/,
https://thepointsguy.com/news/american-app-touchless-check-in/,
https://thepointsguy.com/news/american-bonus-miles-award-tickets/,
https://thepointsguy.com/news/register-now-3x-american-airlines-miles-on-hyatt-stays/,
https://thepointsguy.com/news/business-extra-adds-japan-airlines/,
https://thepointsguy.com/news/aa-milestone-rewards/,
https://thepointsguy.com/news/american-seattle-shanghai-schedule/,
https://thepointsguy.com/news/you-can-now-rebook-your-canceled-american-airlines-trip-online/,
https://thepointsguy.com/news/american-airlines-19000-layoffs-cares-act-payroll-protection/,
https://thepointsguy.com/news/american-airlines-drops-15-cities/,
https://thepointsguy.com/news/american-airlines-drop-up-to-30-cities-coronavirus/,
https://thepointsguy.com/news/american-airlines-bans-masks-with-valves/,
https://thepointsguy.com/news/first-look-laguardia-western-concourse/,
https://thepointsguy.com/news/aa-free-changes-for-basic-economy/,
https://thepointsguy.com/news/american-airlines-hot-food-service-lounges/,
https://thepointsguy.com/news/american-airlines-apple-tv-plus/,
https://thepointsguy.com/news/american-airlines-buy-seats-with-miles/,
https://thepointsguy.com/news/american-airlines-los-angeles-6-routes-alaska-airlines/,
https://thepointsguy.com/news/american-airlines-warns-as-many-as-20000-could-lose-jobs/,
https://thepointsguy.com/news/american-airlines-aggressive-paying-off/,
https://thepointsguy.com/news/american-southwest-strengthen-mask-policy/,
https://thepointsguy.com/news/american-airlines-jetblue-new-york-jfk-laguardia-slot-moves/,
https://thepointsguy.com/news/american-airlines-mask-policy/,
https://thepointsguy.com/news/dfw-terminal-f-american-airlines-coronavirus/,
https://thepointsguy.com/news/american-airlines-athens-tel-aviv-routes-from-new-york-jetblue-pact/,
https://thepointsguy.com/news/aa-seat-fee-voucher/,
https://thepointsguy.com/news/dot-airline-route-suspension-cares-act/,
https://thepointsguy.com/news/changes-at-american-airlines-made-me-re-think-credit-card-strategy/,
https://thepointsguy.com/news/citi-barclays-aadvantage-credit-card-application-rules/,
https://thepointsguy.com/news/barclay-aadvantage-companion-certificate-extendsion/,
https://thepointsguy.com/news/american-airlines-767s-turned-into-cargo-planes/,
https://thepointsguy.com/news/american-airlines-will-suspend-all-but-3-long-haul-routes-park-most-wide-body-jets/,
https://thepointsguy.com/news/american-airlines-simplymiles/,
https://thepointsguy.com/news/reader-question-convert-hilton-aadvantage/,
https://thepointsguy.com/news/american-airlines-to-restart-qatar-airways-codeshare-exploring-service-to-doha/,
https://thepointsguy.com/news/american-airlines-moves-to-fill-united-gap-in-cleveland/,
https://thepointsguy.com/news/american-airlines-los-angeles-gateway-could-be-a-casualty-of-the-coronavirus/,
https://thepointsguy.com/news/aa-second-free-checked-bag-south-america/,
https://thepointsguy.com/news/american-airlines-boeing-737-first-class-updates/,
https://thepointsguy.com/news/new-food-options-aa-admirals-clubs/,
https://thepointsguy.com/news/earn-bonus-aa-miles-ihg-stays-portal/,
https://thepointsguy.com/news/state-of-american-airlines-wifi/,
https://thepointsguy.com/news/american-airlines-adds-features-to-its-new-award-booking-tool-with-disappointing-results/,
https://thepointsguy.com/news/aa-awards-bookable-via-iberia-website/,
https://thepointsguy.com/news/american-airlines-scores-a-court-victory-as-battle-with-mechanics-drags-on/,
https://thepointsguy.com/news/japan-airlines-awards-bookable-aa-website/,
https://thepointsguy.com/news/american-airlines-shrank-for-first-time-in-7-years-on-boeing-737-max-cancellations/,
https://thepointsguy.com/news/american-airlines-wants-to-try-again-with-ecuador-flights-from-dallas-fort-worth/,
https://thepointsguy.com/news/american-airlines-suspends-first-route-due-to-737-max-grounding/,
https://thepointsguy.com/news/american-airlines-first-lgbtq-flight/,
https://thepointsguy.com/news/american-airlines-gives-up-on-serving-china-from-chicago/,
https://thepointsguy.com/news/american-airlines-phoenix-hub-is-still-growing-carrier-adds-3-new-routes/,
https://thepointsguy.com/news/american-airlines-adds-caribbean-routes-from-new-york-jfk/,
https://thepointsguy.com/news/american-airlines-announces-its-final-md-80-flights/,
https://thepointsguy.com/news/american-airlines-ceo-politics-may-be-factor-in-clearing-737-max-to-fly/,
https://thepointsguy.com/news/aa-new-737-max-routes-during-grounding/,
https://thepointsguy.com/news/add-business-extra-aadvantage-account-profile/,
https://thepointsguy.com/news/american-airlines-orders-50-of-airbuss-new-long-range-a321xlr/,
https://thepointsguy.com/news/aa-milesaaver-awards-vanish/,
https://thepointsguy.com/news/american-airlines-flight-cancellations-mechanics-restraining-order/,
https://thepointsguy.com/news/aa-standby-list-more-transparent/,
https://thepointsguy.com/news/amex-travel-credit-trigger-for-american-airlines-gift-cards-returns/,
https://thepointsguy.com/news/american-airlines-updates-wine-offerings-at-admirals-clubs-and-flagship-lounges/,
https://thepointsguy.com/news/american-airlines-ceo-boeing-737-max-optimistic/,
https://thepointsguy.com/news/american-airlines-feud-with-its-mechanics-worsens-on-brink-of-peak-summer-travel/,
https://thepointsguy.com/news/american-airlines-flies-first-nonstop-flight-from-us-to-croatia-in-28-years/,
https://thepointsguy.com/news/american-airlines-boeing-737-max-cancellations-september/,
https://thepointsguy.com/news/could-american-airlines-replace-boeing-757s-with-new-airbus-a321-model/,
https://thepointsguy.com/news/aa-awards-not-bookable-iberia-plus/,
https://thepointsguy.com/news/aa-airline-executives-big-stock-bets/,
https://thepointsguy.com/news/aa-qantas-joint-venture-tentative-approval/,
https://thepointsguy.com/news/aa-award-availability-new-searching-tool/,
https://thepointsguy.com/news/american-airlines-confirms-that-dynamic-award-pricing-is-coming/,
https://thepointsguy.com/news/last-day-avios-award-prices-to-fly-on-american-airlines-and-alaska-airlines-increasing-tomorrow/,
https://thepointsguy.com/news/american-airlines-is-launching-wednesday-flights-to-st-kitts-from-new-york/,
https://thepointsguy.com/news/american-airlines-files-lawsuit-against-its-mechanics-accusing-them-of-1500-flight-delays/,
https://thepointsguy.com/news/aa-pauses-737-project-oasis/,
https://thepointsguy.com/news/dfw-airport-american-airlines-new-terminal-f/,
https://thepointsguy.com/news/american-airlines-flight-changes-no-more-phone-calls/,
https://thepointsguy.com/news/american-american-announces-16-new-routes-returns-to-acapulco/,
https://thepointsguy.com/news/american-airlines-cr-smith-museum/,
https://thepointsguy.com/news/aa-project-oasis-a321-enters-service/,
https://thepointsguy.com/news/10k-points-american-airlines-business-extra/,
https://thepointsguy.com/news/american-airlines-dallas-flagship-lounge-open-may-16/,
https://thepointsguy.com/news/aa-electronic-bump-volunteering-app/,
https://thepointsguy.com/news/american-airlines-opens-15-new-gates-and-a-whataburger-at-dfw-airport/,
https://thepointsguy.com/news/etihad-award-flights-bookable-online-with-american-miles/,
https://thepointsguy.com/news/aa-testing-boarding-push-notifications/,
https://thepointsguy.com/news/tpg-readers-best-ways-to-use-american-miles/,
https://thepointsguy.com/news/aa-1-billion-hit-737-max-grounding-rising-fuel/,
https://thepointsguy.com/news/lie-flat-business-class-12k-ur-points/,
https://thepointsguy.com/news/businesses-can-now-book-american-airlines-business-extra-awards-upgrades-online/,
https://thepointsguy.com/news/talking-points-episode-19-american-airlines-vp-of-planning-vasu-raja/,
https://thepointsguy.com/news/american-airlines-flight-attendants-wont-be-cleaning-cabins-says-apfa-national-president/,
https://thepointsguy.com/news/ntsb-launches-investigation-aa300-accident/,
https://thepointsguy.com/news/aa-premium-economy-retrofit-finished/,
https://thepointsguy.com/news/american-airlines-pilots-to-train-in-simulator-that-mimics-boeing-737-max-software-issues/,
https://thepointsguy.com/news/american-airlines-dallas-fort-worth-capacity-crisis/,
https://thepointsguy.com/news/american-airlines-possible-dynamic-award-pricing/,
https://thepointsguy.com/news/aa-cuts-revenue-forecast-737-max/,
https://thepointsguy.com/news/american-airlines-extends-boeing-737-max-flight-cancellations/,
https://thepointsguy.com/news/first-look-aa-airbus-a321-neo/,
https://thepointsguy.com/news/american-airlines-indefinitely-suspends-venezuela-service-which-airlines-are-left/,
https://thepointsguy.com/news/how-expertflyer-saved-me-50000-american-airlines-miles/,
https://thepointsguy.com/news/american-airlines-extends-max-cancellations-through-april-24/,
https://thepointsguy.com/news/american-airlines-pilots-will-test-new-boeing-737-max-software-in-simulator-this-weekend/,
https://thepointsguy.com/news/american-airlines-suspends-flights-to-venezuela-amid-unrest/,
https://thepointsguy.com/news/i-was-an-american-airlines-elite-now-im-loving-delta/,
https://thepointsguy.com/news/what-north-american-airlines-are-doing-about-their-737-max-fleets/,
https://thepointsguy.com/news/aa-new-limits-service-emotional-support-animal-rules/,
https://thepointsguy.com/news/aa-project-oasis-aircraft-grounded/,
https://thepointsguy.com/news/an-avgeek-dream-spending-the-night-with-american-airlines/,
https://thepointsguy.com/news/siri-can-now-give-updates-on-american-airlines-flights/,
https://thepointsguy.com/news/american-airlines-mistakenly-cancels-ticket-no-record-of-passenger/,
https://thepointsguy.com/news/what-if-american-restricted-systemwide-upgrades/,
https://thepointsguy.com/news/what-if-american-restricted-systemwide-upgrades/,
https://thepointsguy.com/news/american-airlines-is-bringing-the-boeing-787-dreamliner-to-philadelphia/,
https://thepointsguy.com/news/aa-blade-private-suite-experience/,
https://thepointsguy.com/news/aa-flight-attendants-sexit-performance/,
https://thepointsguy.com/news/aa-moving-flight-attendants-memo/,
https://thepointsguy.com/news/potential-change-american-airlines-gift-cards-amex-airline-fee-credit/,
https://thepointsguy.com/news/this-is-the-unique-gift-american-airlines-top-elite-flyers-are-getting-in-2019/,
https://thepointsguy.com/news/deal-alert-175-off-romantic-vacation-packages-american-airlines/,
https://thepointsguy.com/news/american-airlines-just-released-the-trendiest-amenity-kits-weve-ever-seen/,
https://thepointsguy.com/news/aa-ck-members-getting-flagship-first/,
https://thepointsguy.com/news/american-airlines-just-received-its-first-airbus-a321neo-aircraft/,
https://thepointsguy.com/news/american-airlines-launches-free-inflight-apple-music-streaming/,
https://thepointsguy.com/news/american-airlines-will-have-lie-flat-business-class-seats-on-all-of-its-757s-by-the-end-of-2019/,
https://thepointsguy.com/news/american-airlines-delays-a321neo-inaugural/,
https://thepointsguy.com/news/family-kicked-off-american-airlines-flight-after-complaints-about-body-odor/,
https://thepointsguy.com/news/american-airlines-premium-economy-award-chart/,
https://thepointsguy.com/news/aa-2018-profit-falls-short-ceo-prediction/,
https://thepointsguy.com/news/aa-premium-economy-awards-booking-tool/,
https://thepointsguy.com/news/behind-the-scenes-how-american-airlines-prepares-for-extreme-weather/,
https://thepointsguy.com/news/earning-and-redeeming-through-the-american-airlines-aadvantage-program/,
https://thepointsguy.com/news/passenger-claims-american-airlines-flight-attendant-repeatedly-punched-him/,
https://thepointsguy.com/news/e-cig-fire-american-airlines-flight/,
https://thepointsguy.com/news/burst-of-smoke-aa-emergency-landing/,
https://thepointsguy.com/news/american-airlines-issues-waivers-ahead-of-texas-winter-weather/,
https://thepointsguy.com/news/delta-leisure-route-changes/,
https://thepointsguy.com/news/status-match-american-to-delta/,
https://thepointsguy.com/news/delta-air-lines-ed-bastion-earnings-business-travel/,
https://thepointsguy.com/news/dc-7-arrives-delta-flight-museum/,
https://thepointsguy.com/news/virgin-axes-delta-sweet-spot/,
https://thepointsguy.com/news/detla-last-boeing-747-how-to-bid/,
https://thepointsguy.com/news/delta-bans-emotional-support-animals/,
https://thepointsguy.com/news/delta-adding-viasat-wifi/,
https://thepointsguy.com/news/delta-medallions-mqm-mile-rollover-is-coming/,
https://thepointsguy.com/news/skymiles-for-dom-at-skyclubs/,
https://thepointsguy.com/news/amazon-buys-delta-767s/,
https://thepointsguy.com/news/delta-christmas-cancellations/,
https://thepointsguy.com/news/delta-do-co-catering/,
https://thepointsguy.com/news/missing-delta-skymiles-update-2021/,
https://thepointsguy.com/news/delta-drops-72-hour-rule/,
https://thepointsguy.com/news/delta-air-lines-covid-free-flights-europe/,
https://thepointsguy.com/news/delta-gift-card-hotels-com/,
https://thepointsguy.com/news/delta-elite-status-credit-card-offer/,
https://thepointsguy.com/news/delta-international-change-fees/,
https://thepointsguy.com/news/delta-air-lines-giving-customers-10000-skymiles-for-cancellations/,
https://thepointsguy.com/news/delta-one-suites-award-space/,
https://thepointsguy.com/news/delta-cape-town-bookable/,
https://thepointsguy.com/news/delta-klm-no-quarantine-trial/,
https://thepointsguy.com/news/delta-contact-tracing/,
https://thepointsguy.com/news/delta-air-lines-cancelling-hundreds-of-flights-over-thanksgiving-holiday/,
https://thepointsguy.com/news/delta-quarantine-free-flight-italy/,
https://thepointsguy.com/news/delta-avoids-thanksgiving-furloughs-after-pilots-agree-to-coronavirus-concessions/,
https://thepointsguy.com/news/delta-a350-comfort-plus/,
https://thepointsguy.com/news/delta-air-lines-westjet-drop-joint-venture-plans/,
https://thepointsguy.com/news/delta-a220-inaugural-postponed/,
https://thepointsguy.com/news/delta-biometric-domestic-flights/,
https://thepointsguy.com/news/delta-air-lines-middle-seats-march-2021/,
https://thepointsguy.com/news/delta-a220-300/,
https://thepointsguy.com/news/delta-lax-sky-way-terminal-complex-early/,
https://thepointsguy.com/news/delta-coronavirus-safety-policies/,
https://thepointsguy.com/news/bonus-delta-gift-card/,
https://thepointsguy.com/news/delta-777-last-flight/,
https://thepointsguy.com/news/delta-elevated-status-challenge/,
https://thepointsguy.com/news/delta-says-goodbye-to-the-boeing-777-on-saturday-the-one-time-queen-of-our-fleet/,
https://thepointsguy.com/news/delta-and-pilots-union-reach-accord-that-would-avoid-coronavirus-furloughs/,
https://thepointsguy.com/news/delta-global-upgrade-partners/,
https://thepointsguy.com/news/delta-partner-devaluation/,
https://thepointsguy.com/news/when-it-makes-sense-to-transfer-mr-to-delta/,
https://thepointsguy.com/news/delta-westjet-partnership/,
https://thepointsguy.com/news/delta-air-lines-expanded-cleaning-processes/,
https://thepointsguy.com/news/delta-private-jet-industry-recovery/,
https://thepointsguy.com/news/delta-air-lines-16-cities-suspended-coronavirus/,
https://thepointsguy.com/news/delta-reports-5-4-billion-quarterly-loss-a-slight-improvement-as-flyers-slowly-return/,
https://thepointsguy.com/news/delta-777-retirement-flights/,
https://thepointsguy.com/news/delta-blocks-first-class-to-2021/,
https://thepointsguy.com/news/delta-air-lines-boeing-717-767-retirement-plans/,
https://thepointsguy.com/news/delta-air-line-airbus-a220-300-first-flight/,
https://thepointsguy.com/news/delta-boeing-717s-767s-retirement/,
https://thepointsguy.com/news/delta-extends-benefits-makes-skymiles-flexible/,
https://thepointsguy.com/news/delta-adds-5-new-routes-from-lax-atlanta-as-rivals-expand-in-the-west/,
https://thepointsguy.com/news/delta-sky-club-slc-innovations/,
https://thepointsguy.com/news/delta-works-towards-eleventh-hour-deal-to-avoid-pilot-furloughs-even-as-outlook-remains-grim/,
https://thepointsguy.com/news/delta-sky-club-salt-lake-city/,
https://thepointsguy.com/news/delta-air-lines-mortgage-skymiles-cash-coronavirus/,
https://thepointsguy.com/news/salt-lake-city-airport-delta-new-canyon-inspired-terminal/,
https://thepointsguy.com/news/delta-antimicrobial-bins/,
https://thepointsguy.com/news/jetblue-24-new-routes-los-angeles-newark-raleigh/,
https://thepointsguy.com/news/delta-and-virgin-australia-suspend-transpacific-partnership-as-latter-restructures/,
https://thepointsguy.com/news/breaking-delta-air-lines-confirms-no-furloughs-for-flight-attendants/,
https://thepointsguy.com/news/american-delta-and-united-airlines-long-haul-international-routes-september/,
https://thepointsguy.com/news/delta-improves-companion-upgrades/,
https://thepointsguy.com/news/american-delta-eliminate-change-fees/,
https://thepointsguy.com/news/will-american-delta-eliminate-change-fees/,
https://thepointsguy.com/news/delta-promising-clean-lavatories/,
https://thepointsguy.com/news/hitting-delta-welcome-bonus-lower-spending/,
https://thepointsguy.com/news/delta-mortgage-skymiles-program/,
https://thepointsguy.com/news/delta-cuts-trip-extras-discounted-wi-fi/,
https://thepointsguy.com/news/delta-boeing-717-first-class/,
https://thepointsguy.com/news/delta-one-suites-tel-aviv-new-flight/,
https://thepointsguy.com/news/delta-air-line-blocks-seats-into-2021/,
https://thepointsguy.com/news/delta-united-airlines-china-flights-us-dot/,
https://thepointsguy.com/news/delta-amex-current-offers/,
https://thepointsguy.com/news/delta-air-lines-temperature-screening-lax/,
https://thepointsguy.com/news/united-airlines-5-new-routes-delta-cincinnati-texas/,
https://thepointsguy.com/news/international-long-haul-routes-american-delta-united-hawaiian-airlines-august/,
https://thepointsguy.com/news/chasing-delta-elite-status-coronavirus/,
https://thepointsguy.com/news/delta-schedule-change-policy/,
https://thepointsguy.com/news/airlines-ban-vented-masks/,
https://thepointsguy.com/news/delta-masks-with-valves-exclusion/,
https://thepointsguy.com/news/delta-air-lines-lysol-partnership/,
https://thepointsguy.com/news/delta-stops-blocking-seats-china/,
https://thepointsguy.com/news/american-southwest-strengthen-mask-policy/,
https://thepointsguy.com/news/delta-mask-policy-enforcement/,
https://thepointsguy.com/news/delta-air-lines-flight-attendants-furloughs-july/,
https://thepointsguy.com/news/delta-pilots-pay-cut-furlough/,
https://thepointsguy.com/news/delta-mask-policy-exception/,
https://thepointsguy.com/news/amex-delta-offers-no-lifetime-restriction/,
https://thepointsguy.com/news/american-delta-and-united-plan-to-fly-these-long-haul-international-routes-in-june/,
https://thepointsguy.com/news/latam-airlines-hopes-to-speed-delta-partnership-through-bankruptcy-restructuring/,
https://thepointsguy.com/news/delta-million-miler-success-story/,
https://thepointsguy.com/news/delta-mad-dogs-tribute/,
https://thepointsguy.com/news/credit-card-showdown-delta-skymiles-reserve-business-vs-delta-skymiles-platinum-business/,
https://thepointsguy.com/news/delta-adds-seattle-routes-dallas-fort-worth/,
https://thepointsguy.com/news/credit-card-showdown-delta-skymiles-reserve-vs-delta-skymiles-reserve-business/,
https://thepointsguy.com/news/delta-testing-a-new-metered-boarding-process-in-atlanta/,
https://thepointsguy.com/news/why-delta-credit-cards-worth-it/,
https://thepointsguy.com/news/tpg-sneak-peek-austins-new-delta-sky-club-lounge/,
https://thepointsguy.com/news/delta-air-lines-is-the-most-on-time-airline-in-north-america/,
https://thepointsguy.com/news/get-170-back-after-spending-850-on-delta-with-newest-amex-offer/,
https://thepointsguy.com/news/delta-gift-cards-best-buy/,
https://thepointsguy.com/news/buy-delta-medallion-status/,
https://thepointsguy.com/news/icymi-delta-one-2k-transcon-from-197/,
https://thepointsguy.com/news/delta-package-success-story/,
https://thepointsguy.com/news/avgeek-heaven-delta-surplus-sale/,
https://thepointsguy.com/news/earn-25-delta-credit-gift-cards/,
https://thepointsguy.com/news/delta-one-suites-domestic-flight-atl-lax/,
https://thepointsguy.com/news/delta-southwest-gift-cards-no-trigger-amex-airline-fee-credit/,
https://thepointsguy.com/news/delta-cloud-crew-kid-app/,
https://thepointsguy.com/news/first-look-at-delta-airbus-a330-900neo-interior/,
https://thepointsguy.com/news/in-a-first-delta-did-not-involuntarily-bump-a-single-flyer-last-quarter/,
https://thepointsguy.com/news/free-upgrades-on-delta-are-becoming-even-harder-to-come-by/,
https://thepointsguy.com/news/video-goes-viral-on-social-media-after-delta-emergency-landing/,
https://thepointsguy.com/news/deltas-a330neo-enters-service-early/,
https://thepointsguy.com/news/delta-matching-jetblue-with-new-york-jfk-houston-intercontinental-route/,
https://thepointsguy.com/news/delta-is-soaking-up-spillover-demand-from-737-max-operators/,
https://thepointsguy.com/news/delta-cocktails-economy-and-more/,
https://thepointsguy.com/news/american-express-offers-delta-carnival/,
https://thepointsguy.com/news/westjet-dash-8s-could-soon-take-over-these-delta-routes-to-canada/,
https://thepointsguy.com/news/delta-brings-cocktails-hot-towels-and-better-food-to-international-economy/,
https://thepointsguy.com/news/delta-adds-new-florida-route-from-growing-raleigh-durham-focus-city/,
https://thepointsguy.com/news/delta-air-lines-westjet-partnership-gets-canadian-sign-off/,
https://thepointsguy.com/news/jetblue-joins-delta-in-issuing-travel-waiver-for-the-dominican-republic/,
https://thepointsguy.com/news/delta-air-lines-puts-finishing-touches-on-first-new-laguardia-concourse/,
https://thepointsguy.com/news/delta-skyteam-partners-easier/,
https://thepointsguy.com/news/this-summer-you-may-be-able-to-text-delta/,
https://thepointsguy.com/news/delta-air-lines-is-allowing-changes-to-dominican-republic-flights-after-tourists-deaths/,
https://thepointsguy.com/news/delta-first-refurbished-767-400er-flights-now-on-sale/,
https://thepointsguy.com/news/tpg-readers-delta-skymiles-success-stories/,
https://thepointsguy.com/news/delta-biometric-boarding-atl-msp-slc/,
https://thepointsguy.com/news/delta-moves-closer-to-korean-air-with-new-equity-stake/,
https://thepointsguy.com/news/delta-air-lines-appears-to-be-testing-a-change-to-its-online-fare-display/,
https://thepointsguy.com/news/delta-boeing-767-300er-jfk-lax/,
https://thepointsguy.com/news/delta-expands-airbus-a220-route-network-newark-ewr/,
https://thepointsguy.com/news/delta-sky-deck-at-new-york-jfk-gaining-retractable-roof-and-heaters/,
https://thepointsguy.com/news/delta-orders-5-more-a220s/,
https://thepointsguy.com/news/delta-atlanta-sky-deck-now-open-retractable-roof/,
https://thepointsguy.com/news/fifth-graders-flight-is-canceled-so-delta-sent-a-private-jet/,
https://thepointsguy.com/news/11000-airline-food-caterer-employees-serving-american-delta-and-united-are-considering-a-strike/,
https://thepointsguy.com/news/delta-2019-refreshed-amenity-kits/,
https://thepointsguy.com/news/delta-air-lines-says-boston-is-now-one-of-its-hub-cities/,
https://thepointsguy.com/news/earn-delta-skymiles-ticketmaster-purchases/,
https://thepointsguy.com/news/delta-pushes-back-a330-900neo-inaugural-allows-free-date-changes/,
https://thepointsguy.com/news/delta-offering-enhanced-status-match-challenge-to-alaska-air-frequent-flyers/,
https://thepointsguy.com/news/delta-virgin-atlantic-additional-benefits-for-silver-medallions/,
https://thepointsguy.com/news/deltas-first-airbus-a330-900neo-lands-in-atlanta-toulouse-france-passenger-service/,
https://thepointsguy.com/news/book-delta-one-suites-to-india-for-47000-points/,
https://thepointsguy.com/news/airbus-a220-12000th-delivery-delta/,
https://thepointsguy.com/news/american-delta-hawaiian-united-flights-to-tokyo-haneda-next-year/,
https://thepointsguy.com/news/targeted-4-extra-miles-groceries-delta-amex/,
https://thepointsguy.com/news/delta-air-lines-adding-boston-miami-nonstop-flights/,
https://thepointsguy.com/news/deltas-anti-union-campaign-goes-viral/,
https://thepointsguy.com/news/delta-testing-free-wifi-on-select-flights/,
https://thepointsguy.com/news/delta-elite-status-major-life-event/,
https://thepointsguy.com/news/deltas-first-airbus-a330neo-completes-initial-test-flight-in-france/,
https://thepointsguy.com/news/how-i-got-delta-miles-credited-for-a-cancelled-partner-flight/,
https://thepointsguy.com/news/talking-points-episode-21-heather-mcmahan-forever-loyal-to-delta/,
https://thepointsguy.com/news/delta-massively-expanding-nashville-sky-club-in-2020/,
https://thepointsguy.com/news/alitalia-may-soon-enter-joint-venture-with-delta-air-france-klm/,
https://thepointsguy.com/news/deltas-going-nonstop-from-new-york-to-mumbai-this-winter/,
https://thepointsguy.com/news/delta-a220-new-routes-fairbanks-alaska/,
https://thepointsguy.com/news/why-are-delta-and-united-investing-in-their-aging-767s/,
https://thepointsguy.com/news/delta-earth-day-carbon-offset/,
https://thepointsguy.com/news/ceos-of-delta-united-and-american-place-ad-urging-trump-to-take-action-on-qatar-feud/,
https://thepointsguy.com/news/delta-flyer-earns-overhead-bin-space-with-inflight-violin-concert/,
https://thepointsguy.com/news/tpg-readers-weigh-in-on-deltas-decision-to-cut-seat-recline/,
https://thepointsguy.com/news/delta-cuts-seat-recline-on-its-entire-a320-fleet/,
https://thepointsguy.com/news/bad-news-free-delta-upgrades/,
https://thepointsguy.com/news/delta-q1-2019-earnings-record-revenue/,
https://thepointsguy.com/news/behind-the-scenes-delta-cargo/,
https://thepointsguy.com/news/delta-clear-discount-skymiles-members/,
https://thepointsguy.com/news/delta-skymiles-greek-isles/,
https://thepointsguy.com/news/delta-skip-baggage-deliver-bags-to-hotels/,
https://thepointsguy.com/news/delta-skymiles-auction-private-jet-travel/,
https://thepointsguy.com/news/delta-skymiles-auction-private-jet-travel/,
https://thepointsguy.com/news/delta-unveils-all-new-delta-one-seats-for-revamped-767-400/,
https://thepointsguy.com/news/delta-will-fly-from-new-york-and-boston-to-london-gatwick/,
https://thepointsguy.com/news/delta-now-flying-business-class-suites-between-us-and-australia/,
https://thepointsguy.com/news/delta-air-lines-american-express-extend-partnership-through-2029/,
https://thepointsguy.com/news/delta-skymiles-5x-bonus-hotel-stays/,
https://thepointsguy.com/news/delta-one-lie-flat-puerto-rico/,
https://thepointsguy.com/news/delta-new-a350-delta-one-suites-europe/,
https://thepointsguy.com/news/first-look-delta-refreshed-767-400er-configuration-delta-one-suites/,
https://thepointsguy.com/news/air-france-klm-route-expansion-skyteam-network/,
https://thepointsguy.com/news/delta-apologizes-for-late-arrival-of-medallion-credential-kits/,
https://thepointsguy.com/news/delta-expands-west-coast-a220-service/,
https://thepointsguy.com/news/i-was-an-american-airlines-elite-now-im-loving-delta/,
https://thepointsguy.com/news/delta-business-class-to-europe-award-prices-hit-new-highs/,
https://thepointsguy.com/news/delta-says-wi-fi-in-1-2-years/,
https://thepointsguy.com/news/delta-eliminates-skyteam-go-pass-travel-passes/,
https://thepointsguy.com/news/up-to-80k-miles-delta-business-amex-cards/,
https://thepointsguy.com/news/delta-skymiles-members-no-boarding-pass-clear/,
https://thepointsguy.com/news/deltas-branded-approach-to-selling-seats-by-tiers-is-here-to-stay/,
https://thepointsguy.com/news/delta-virgin-atlantic-and-air-france-klm-one-step-closer-to-an-expanded-joint-venture/,
https://thepointsguy.com/news/delta-snacks-peanut-almond-swap/,
https://thepointsguy.com/news/deltas-first-four-cabin-plane-is-now-flying/,
https://thepointsguy.com/news/american-delta-receive-heavy-fines-for-tarmac-delay-infractions/,
https://thepointsguy.com/news/delta-adds-new-west-coast-a220-routes/,
https://thepointsguy.com/news/delta-first-a330-900neo-routes-announced/,
https://thepointsguy.com/news/delta-eliminates-mileage-upgrade-awards/,
https://thepointsguy.com/news/weather-waivers-winter-storm-quiana-feb-23/,
https://thepointsguy.com/news/delta-skymiles-account-access-will-be-down-for-5-hours-this-weekend/,
https://thepointsguy.com/news/delta-unveils-a330-900neo-seat-configuarations/,
https://thepointsguy.com/news/delta-wants-six-new-flights-to-tokyo-haneda/,
https://thepointsguy.com/news/delta-exclusive-woodford-reserve-bourbon-sky-club/,
https://thepointsguy.com/news/delta-ceo-ed-bastian-on-nra-discount-after-parkland-shooting/,
https://thepointsguy.com/news/delta-redesigned-million-miler-brag-tags/,
https://thepointsguy.com/news/vietnam-airlines-faa-safety-service-us/,
https://thepointsguy.com/news/delta-first-class-meal-pre-selection-how-it-works/,
https://thepointsguy.com/news/delta-profit-sharing-valentines-day/,
https://thepointsguy.com/news/link-amex-platinum-delta-faster-sky-club-access/,
https://thepointsguy.com/news/delta-weather-waivers-tuesday/,
https://thepointsguy.com/news/delta-upgrade-improvement-no-more-automatic-comfort-middle-seats-for-some/,
https://thepointsguy.com/news/delta-american-united-regional-flights-changes/,
https://thepointsguy.com/news/delta-a220-inaugural-begins-flight-service/,
https://thepointsguy.com/news/delta-and-coca-cola-axe-controversial-plane-crush-napkins/,
https://thepointsguy.com/news/delta-new-customer-service-initiative/,
https://thepointsguy.com/news/video-of-deaf-couple-accusing-delta-air-lines-of-discrimination-goes-viral/,
https://thepointsguy.com/news/drunk-co-pilot-causes-delta-flight-cancellation-at-amsterdam-schiphol-airport/,
https://thepointsguy.com/news/delta-a220-launch-delayed-government-shutdown-official/,
https://thepointsguy.com/news/bomb-threat-on-twitter-delays-delta-flight/,
https://thepointsguy.com/news/deltas-new-milestone-awards-spotlight-record-setting-medallion-members/,
https://thepointsguy.com/news/delta-just-built-a-giant-concrete-bunker-for-testing-next-gen-jet-engines/,
https://thepointsguy.com/news/deltas-first-airbus-a330-900neo-ready/,
https://thepointsguy.com/news/delta-amex-elevated-referral-bonuses/,
https://thepointsguy.com/news/delta-funds-mlk-national-park-reopening/,
https://thepointsguy.com/news/how-airbus-is-making-more-a220s/,
https://thepointsguy.com/news/delta-app-skymiles-seat-upgrades/,
https://thepointsguy.com/news/delta-warns-a220-start-date-likely-pushed-back/,
https://thepointsguy.com/news/delta-shutdown-cost-5-billion-2018-profit/,
https://thepointsguy.com/news/delta-taps-inflight-entertainment-screens-to-raise-awareness-for-human-trafficking/,
https://thepointsguy.com/news/delta-orders-15-airbus-a220s/,
https://thepointsguy.com/news/deltas-newest-sky-club-opens-tuesday-in-enemy-territory/,
https://thepointsguy.com/news/delta-launches-retrofitted-777s-with-all-four-seat-options/,
https://thepointsguy.com/news/reader-travel-goals-first-class-honeymoon-delta-lifetime-gold/,
https://thepointsguy.com/news/delta-sky-club-changes-2019/,
https://thepointsguy.com/news/united-earn-status-from-bus/,
https://thepointsguy.com/news/united-blr-jnb-delayed/,
https://thepointsguy.com/news/united-adds-new-destination-barbados/,
https://thepointsguy.com/news/united-adds-denver-to-florida/,
https://thepointsguy.com/news/united-travel-center/,
https://thepointsguy.com/news/united-mandatory-vaccine-employees/,
https://thepointsguy.com/news/united-improved-onboard-food-covid/,
https://thepointsguy.com/news/united-airlines-q4-earnings-2020/,
https://thepointsguy.com/news/united-mile-play-targeted-promo/,
https://thepointsguy.com/news/united-removes-seats-from-e175/,
https://thepointsguy.com/news/united-delays-jfk-relaunch/,
https://thepointsguy.com/news/united-2021-status-head-start/,
https://thepointsguy.com/news/united-cards-sign-up-offers/,
https://thepointsguy.com/news/united-drops-hawaii-adds-florida/,
https://thepointsguy.com/news/united-emotional-support-animals/,
https://thepointsguy.com/news/united-wide-open-saver-awards/,
https://thepointsguy.com/news/united-refund-covid-test/,
https://thepointsguy.com/news/united-alaska-737-max-routes/,
https://thepointsguy.com/news/united-requires-negative-covid-tests-on-flights-from-uk/,
https://thepointsguy.com/news/united-repatriates-covid-pilots/,
https://thepointsguy.com/news/united-737-max-first-flight-feb-2021/,
https://thepointsguy.com/news/united-contact-tracing/,
https://thepointsguy.com/news/united-intl-polaris-pandemic/,
https://thepointsguy.com/news/united-green-by-2050/,
https://thepointsguy.com/news/united-eliminates-intl-change-fees/,
https://thepointsguy.com/news/united-on-demand-customer-service/,
https://thepointsguy.com/news/united-777-200-polaris-retrofit/,
https://thepointsguy.com/news/united-gateway-card-current-offer/,
https://thepointsguy.com/news/united-airlines-giving-tuesday/,
https://thepointsguy.com/news/united-airlines-boeing-737-max-denver-houston/,
https://thepointsguy.com/news/united-charter-flights-pfizer-vaccine-distribution/,
https://thepointsguy.com/news/united-airlines-lax-routes-mexico-belize-beaches/,
https://thepointsguy.com/news/united-bag-fee-increase-holidays/,
https://thepointsguy.com/news/denver-airport-concourse-b-expansion/,
https://thepointsguy.com/news/united-free-covid-test-london/,
https://thepointsguy.com/news/united-2021-elite-requirements/,
https://thepointsguy.com/news/wide-open-united-jfk-awards/,
https://thepointsguy.com/news/united-airlines-returns-new-york-jfk-nonstop-flights/,
https://thepointsguy.com/news/united-boston-transcon-changes/,
https://thepointsguy.com/news/airline-shopping-portal-promotions/,
https://thepointsguy.com/news/united-overnight-delay-innovation/,
https://thepointsguy.com/news/united-amtrak-end-partnernship/,
https://thepointsguy.com/news/united-airlines-parked-planes-return-to-service/,
https://thepointsguy.com/news/united-lavatory-policy/,
https://thepointsguy.com/news/united-inflight-food-contactless/,
https://thepointsguy.com/news/united-airlines-future-of-travel-patrick-quayle/,
https://thepointsguy.com/news/new-united-mobile-app/,
https://thepointsguy.com/news/refund-data-analysis-july-2020/,
https://thepointsguy.com/news/united-airlines-commonpass-london-heathrow/,
https://thepointsguy.com/news/another-united-award-price-increase/,
https://thepointsguy.com/news/united-airlines-7-new-sun-routes-caribbean-and-latin-america/,
https://thepointsguy.com/news/united-airlines-earnings-when-will-biz-travel-resume/,
https://thepointsguy.com/news/united-airlines-return-to-new-york-jfk-2021/,
https://thepointsguy.com/news/united-airlines-covid-risk-planes-study/,
https://thepointsguy.com/news/united-pilots-fly-first-class/,
https://thepointsguy.com/news/united-map-covid/,
https://thepointsguy.com/news/united-airlines-washington-dulles-key-west-november-schedule/,
https://thepointsguy.com/news/united-airlines-could-return-to-new-yorks-jfk-airport-in-2021/,
https://thepointsguy.com/news/united-airlines-furloughs-pilot-deal/,
https://thepointsguy.com/news/new-united-hawaii-routes-points/,
https://thepointsguy.com/news/united-restarts-polaris-retrofit/,
https://thepointsguy.com/news/hawaiian-airlines-covid-19-tests/,
https://thepointsguy.com/news/united-airlines-improve-mileageplus/,
https://thepointsguy.com/news/united-tightens-mask-policy-eating/,
https://thepointsguy.com/news/united-covid-test-for-hawaii/,
https://thepointsguy.com/news/united-covid-food-and-drink-boost/,
https://thepointsguy.com/news/american-united-airlines-small-cities-congress-cares-act-payroll-aid/,
https://thepointsguy.com/news/united-travelbank/,
https://thepointsguy.com/news/jetblue-24-new-routes-los-angeles-newark-raleigh/,
https://thepointsguy.com/news/boom-supersonic-air-force-one/,
https://thepointsguy.com/news/united-airlines-impact-boeing-787-manufacturing-issues/,
https://thepointsguy.com/news/united-buy-miles-promo/,
https://thepointsguy.com/news/united-no-change-fee-mexico-caribbean/,
https://thepointsguy.com/news/united-airlines-7-route-expansion-hawaii-europe-africa/,
https://thepointsguy.com/news/united-airlines-bets-on-hawaii-mexico-beaches-in-october-schedule/,
https://thepointsguy.com/news/united-airlines-wish-list/,
https://thepointsguy.com/news/american-delta-and-united-airlines-long-haul-international-routes-september/,
https://thepointsguy.com/news/united-airlines-oct-1-furlough/,
https://thepointsguy.com/news/united-airlines-boeing-767-retirement-analyst/,
https://thepointsguy.com/news/american-delta-eliminate-change-fees/,
https://thepointsguy.com/news/will-american-delta-eliminate-change-fees/,
https://thepointsguy.com/news/united-eliminates-us-change-fees/,
https://thepointsguy.com/news/united-canceling-empty-flights/,
https://thepointsguy.com/news/united-basic-economy-seat-selection/,
https://thepointsguy.com/news/united-club-changes-coronavirus/,
https://thepointsguy.com/news/new-chase-united-card-referral-policy/,
https://thepointsguy.com/news/delta-united-airlines-china-flights-us-dot/,
https://thepointsguy.com/news/eastern-airlines-adds-new-route-to-mexico-will-go-up-against-united/,
https://thepointsguy.com/news/united-airlines-flight-attendants-furlough-congress/,
https://thepointsguy.com/news/united-airlines-adds-cheyenne-tallahassee-regional-connections/,
https://thepointsguy.com/news/united-call-to-claim-etc/,
https://thepointsguy.com/news/united-global-services-challenge/,
https://thepointsguy.com/news/united-airlines-adds-17-routes-to-florida-bypassing-hubs-in-pandemic-route-map-shakeup/,
https://thepointsguy.com/news/united-a320-economy/,
https://thepointsguy.com/news/united-airlines-5-new-routes-delta-cincinnati-texas/,
https://thepointsguy.com/news/united-cheap-award-flights/,
https://thepointsguy.com/news/united-extends-global-services/,
https://thepointsguy.com/news/american-united-new-travel-tools/,
https://thepointsguy.com/news/united-inflight-magazine-elite-perk/,
https://thepointsguy.com/news/united-airlines-plans-more-international-routes-in-september-extends-change-fee-waiver/,
https://thepointsguy.com/news/international-long-haul-routes-american-delta-united-hawaiian-airlines-august/,
https://thepointsguy.com/news/ua-multiple-travel-certificates/,
https://thepointsguy.com/news/united-airlines-may-furlough-a-third-of-its-pilots-as-air-travel-recovery-stalls-amid-covid-resurgence/,
https://thepointsguy.com/news/united-miles-upgrade-turkish-flight/,
https://thepointsguy.com/news/united-airlines-union-extend-covid-employment-protections/,
https://thepointsguy.com/news/united-requiring-masks-in-airport/,
https://thepointsguy.com/news/united-airlines-q2-2020-loss-cost-cuts/,
https://thepointsguy.com/news/american-delta-and-united-plan-to-fly-these-long-haul-international-routes-in-june/,
https://thepointsguy.com/news/united-denied-boarding-coronavirus/,
https://thepointsguy.com/news/united-airlines-sees-boeing-787-as-new-long-haul-workhorse-orders-7-more-dreamliners/,
https://thepointsguy.com/news/united-credit-card-promotion/,
https://thepointsguy.com/news/united-2020-elite-status-timeline/,
https://thepointsguy.com/news/us-carriers-signal-slow-recovery-with-united-airlines-planning-to-cut-june-flying-by-90/,
https://thepointsguy.com/news/united-airlines-coronavirus-crisis-losses/,
https://thepointsguy.com/news/united-credit-card-pqp-elite-status-bonus/,
https://thepointsguy.com/news/united-airlines-ends-all-long-haul-flying-coronavirus/,
https://thepointsguy.com/news/new-united-club-infinite-card-launches-with-100k-limited-time-welcome-offer-4x-on-united-purchases/,
https://thepointsguy.com/news/jetblue-flight-cuts-coronavirus/,
https://thepointsguy.com/news/united-mileageplus-x-app-dining-card/,
https://thepointsguy.com/news/new-united-club-lounge-opens-in-new-orleans-international-airport/,
https://thepointsguy.com/news/united-airlines-affiliate-trans-states-airlines-to-cease-flying/,
https://thepointsguy.com/news/chase-united-credit-card-partnership-extension/,
https://thepointsguy.com/news/american-airlines-moves-to-fill-united-gap-in-cleveland/,
https://thepointsguy.com/news/united-airlines-marks-new-denver-gates-with-more-long-haul-seats/,
https://thepointsguy.com/news/united-retrofitted-787-first-look/,
https://thepointsguy.com/news/coronavirus-united-flights/,
https://thepointsguy.com/news/united-amenity-improvements/,
https://thepointsguy.com/news/united-new-business-card-increased-bonuses/,
https://thepointsguy.com/news/why-you-shouldnt-buy-united-miles/,
https://thepointsguy.com/news/credit-card-showdown-united-explorer-card-versus-united-explorer-business-card/,
https://thepointsguy.com/news/to-the-point-cards-for-united/,
https://thepointsguy.com/news/united-cardholder-bonus-miles/,
https://thepointsguy.com/news/united-clear-checkpoint/,
https://thepointsguy.com/news/united-airlines-buy-now-pay-later-uplift/,
https://thepointsguy.com/news/star-alliance-credit-flights-elite/,
https://thepointsguy.com/news/united-card-chase-pay-promotion/,
https://thepointsguy.com/news/clear-houston-iah-united-terminals/,
https://thepointsguy.com/news/united-airlines-2020-elite-qualification-miles-points-flights/,
https://thepointsguy.com/news/united-bonus-hotel-points-transfer/,
https://thepointsguy.com/news/united-explorer-business-current-offer/,
https://thepointsguy.com/news/island-hopping-success-story/,
https://thepointsguy.com/news/united-airlines-extends-boeing-737-max-cancellations-and-more/,
https://thepointsguy.com/news/united-airlines-extends-boeing-737-max-cancellations-again/,
https://thepointsguy.com/news/united-club-card-annual-fee-waived-offer/,
https://thepointsguy.com/news/united-twitter-team-saves-the-day/,
https://thepointsguy.com/news/united-airlines-stroopwafel-isnt-just-for-breakfast-anymore/,
https://thepointsguy.com/news/united-airlines-bets-on-japan-with-more-guam-flights/,
https://thepointsguy.com/news/bye-bye-continental-united-officially-drops-continental-name/,
https://thepointsguy.com/news/united-airlines-doubles-down-on-hong-kong-with-second-san-francisco-flight/,
https://thepointsguy.com/news/united-avianca-award-booking-issues-fixed/,
https://thepointsguy.com/news/pretty-in-pink-united-testing-rose-in-first-class-this-summer/,
https://thepointsguy.com/news/united-airlines-joins-peers-pushes-boeing-737-max-return-into-september/,
https://thepointsguy.com/news/united-airlines-adds-two-more-gates-at-growing-washington-dulles-hub/,
https://thepointsguy.com/news/singapore-united-struggle-award-availability-issue/,
https://thepointsguy.com/news/tomorrow-united-flight-hawaii-business-class-50k-miles/,
https://thepointsguy.com/news/united-high-j-767-chicago/,
https://thepointsguy.com/news/united-downgrades-polaris-pjs/,
https://thepointsguy.com/news/united-airlines-suspends-service-india-airspace-concerns/,
https://thepointsguy.com/news/united-airlines-adds-9-special-point-to-point-routes-for-college-football/,
https://thepointsguy.com/news/united-raises-cost-of-club-membership-heres-how-to-get-around-it/,
https://thepointsguy.com/news/video-tpg-reviews-united-polaris-on-a-five-week-old-boeing-787-10/,
https://thepointsguy.com/news/united-airlines-orders-new-embraer-e175s-to-refresh-its-united-express-fleet/,
https://thepointsguy.com/news/newark-airport-disabled-aircraft-united-757/,
https://thepointsguy.com/news/united-track-status-mobile-app/,
https://thepointsguy.com/news/united-cpt-inaugural-biz-awards/,
https://thepointsguy.com/news/united-tries-compostable-cutlery-recyclable-coffee-cups-on-special-eco-flight/,
https://thepointsguy.com/news/11000-airline-food-caterer-employees-serving-american-delta-and-united-are-considering-a-strike/,
https://thepointsguy.com/news/united-connectionsaver/,
https://thepointsguy.com/news/record-united-airlines-says-denver-hub-is-busiest-its-ever-been/,
https://thepointsguy.com/news/lax-power-outage-causes-cancellations-and-delays-for-southwest/,
https://thepointsguy.com/news/united-reportedly-wants-to-launch-first-nonstop-flight-from-us-to-seville-spain/,
https://thepointsguy.com/news/first-look-united-club-laguardias-new-terminal-b/,
https://thepointsguy.com/news/united-airlines-cancels-another-month-of-boeing-737-max-flights/,
https://thepointsguy.com/news/american-united-737-max-passengers/,
https://thepointsguy.com/news/chase-marriott-united-transfer-bonus/,
https://thepointsguy.com/news/these-2-women-will-design-special-liveries-for-united/,
https://thepointsguy.com/news/american-delta-hawaiian-united-flights-to-tokyo-haneda-next-year/,
https://thepointsguy.com/news/united-air-to-air-livery-shoot/,
https://thepointsguy.com/news/united-lh-first-award-bug/,
https://thepointsguy.com/news/united-moving-to-new-york-laguardia-terminal-b/,
https://thepointsguy.com/news/united-explorer-last-chance/,
https://thepointsguy.com/news/united-spider-man-amenity-kits/,
https://thepointsguy.com/news/earn-united-miles-disneyland-tickets/,
https://thepointsguy.com/news/ewr-cpt-united-fares/,
https://thepointsguy.com/news/united-covers-cameras-embedded-in-seatback-entertainment-systems/,
https://thepointsguy.com/news/united-dot-com-club-ends-united-airlines/,
https://thepointsguy.com/news/united-737-max-summer-cancel/,
https://thepointsguy.com/news/united-discontinues-gift-registry/,
https://thepointsguy.com/news/united-ceo-says-seat-pitch-likely-cant-get-any-smaller/,
https://thepointsguy.com/news/7-years-to-repaint-united-fleet/,
https://thepointsguy.com/news/united-new-livery-first-look/,
https://thepointsguy.com/news/why-are-delta-and-united-investing-in-their-aging-767s/,
https://thepointsguy.com/news/ceos-of-delta-united-and-american-place-ad-urging-trump-to-take-action-on-qatar-feud/,
https://thepointsguy.com/news/heres-how-united-recycles-the-amenity-kits-left-on-board/,
https://thepointsguy.com/news/united-reconsidering-chase-card/,
https://thepointsguy.com/news/expedia-has-filed-a-lawsuit-against-united-airlines/,
https://thepointsguy.com/news/united-upgrade-premium-plus-polaris/,
https://thepointsguy.com/news/united-sandwich-iah-hnl/,
https://thepointsguy.com/news/united-livery-unveiling/,
https://thepointsguy.com/news/united-newark-to-cape-town/,
https://thepointsguy.com/news/united-airlines-unveils-new-star-wars-themed-livery-sweepstakes/,
https://thepointsguy.com/news/her-art-here-vote-on-the-next-united-airlines-livery/,
https://thepointsguy.com/news/5-things-united-needs-to-fix/,
https://thepointsguy.com/news/2-years-later-doctor-dao-reflects-on-united-airlines-bumpgate-incident/,
https://thepointsguy.com/news/united-pulling-award-chart-credit-card-strategy/,
https://thepointsguy.com/news/war-veteran-united-pilot-reunion/,
https://thepointsguy.com/news/united-pulling-award-chart/,
https://thepointsguy.com/news/united-speedy-mileageplus-credits/,
https://thepointsguy.com/news/ex-united-cfo-plans-usas-newest-budget-airline/,
https://thepointsguy.com/news/united-new-amenity-kits-sunday-riley/,
https://thepointsguy.com/news/end-of-wow-air-ethiopian-crash-updates-changes-to-united-awards/,
https://thepointsguy.com/news/united-polaris-sleeper-service/,
https://thepointsguy.com/news/united-premium-plus-menu/,
https://thepointsguy.com/news/uniteds-787-10-begins-international-service-brings-back-polaris-bear/,
https://thepointsguy.com/news/united-airlines-permits-some-strollers-as-carry-ons-at-no-extra-charge/,
https://thepointsguy.com/news/united-threatens-to-fire-flight-attendants-for-fraud-again/,
https://thepointsguy.com/news/united-mileageplus-5000-mile-awards/,
https://thepointsguy.com/news/buy-united-747-seats/,
https://thepointsguy.com/news/united-high-j-767-first-look/,
https://thepointsguy.com/news/united-free-beer-goose-island-312-day/,
https://thepointsguy.com/news/united-updates-menu-new-food-options/,
https://thepointsguy.com/news/united-ceo-says-a-livery-change-is-coming-this-year/,
https://thepointsguy.com/news/united-new-pa-announcements/,
https://thepointsguy.com/news/united-employees-sell-perks/,
https://thepointsguy.com/news/tap-and-thai-return-to-mileageplus/,
https://thepointsguy.com/news/tap-and-thai-return-to-mileageplus/,
https://thepointsguy.com/news/united-her-art-here-competition/,
https://thepointsguy.com/news/united-pj-shortage/,
https://thepointsguy.com/news/united-ana-award-issues/,
https://thepointsguy.com/news/united-new-hnd-flights/,
https://thepointsguy.com/news/united-same-day-change-upgrade/,
https://thepointsguy.com/news/rewardsplus-qualification-united-gold/,
https://thepointsguy.com/news/united-offers-ord-weather-waivers-in-anticipation-of-icy-storms/,
https://thepointsguy.com/news/your-next-united-complaint-could-score-you-free-booze/,
https://thepointsguy.com/news/delta-profit-sharing-valentines-day/,
https://thepointsguy.com/news/united-regional-jet-with-a-bar/,
https://thepointsguy.com/news/united-expedia-reach-agreement/,
https://thepointsguy.com/news/united-iah-lax-syd-changes/,
https://thepointsguy.com/news/delta-american-united-regional-flights-changes/,
https://thepointsguy.com/news/united-confirms-46-polaris-767s/,
https://thepointsguy.com/news/united-crj550/,
https://thepointsguy.com/news/united-a320-a319-first-class/,
https://thepointsguy.com/news/united-a320-a319-first-class/,
https://thepointsguy.com/news/united-changes-protocol-following-14-hour-delay-at-goose-bay-airport/,
https://thepointsguy.com/news/united-pz-upgrade-bug/,
https://thepointsguy.com/news/citi-prestige-re-opens-applications-uniteds-fully-functioning-wi-fi-new-family-travel-gear-youtube-series-and-more/,
https://thepointsguy.com/news/this-united-airlines-flight-attendant-walks-on-aircraft-wings-mid-flight/,
https://thepointsguy.com/news/united-763-with-46-biz/,
https://thepointsguy.com/news/united-free-directv/,
https://thepointsguy.com/news/6x-united-alaska-on-apple/,
https://thepointsguy.com/news/united-wifi-actually-works/,
https://thepointsguy.com/news/united-sued-for-failing-to-protect-teen-who-was-assaulted-mid-flight/,
https://thepointsguy.com/news/new-united-app-now-live/,
https://thepointsguy.com/news/united-flight-stranded-for-14-hours/,
https://thepointsguy.com/news/united-airlines-737-skids-off-snowy-ohare-runway/,
https://thepointsguy.com/news/united-star-alliance-reward-travel-down/,
https://thepointsguy.com/news/new-centurion-lounge-restrictions-mlk-national-park-open-despite-shutdown-huge-united-business-card-sign-up-bonus-and-more/,
https://thepointsguy.com/news/new-united-uniforms/,
https://thepointsguy.com/news/united-will-retrofit-of-787-8s-and-9s-with-new-polaris-seats-starting-this-year/,
https://thepointsguy.com/news/united-sees-strong-2019-demand-despite-government-shutdown-and-volatility/,
https://thepointsguy.com/news/united-fy-2018-reporting-brief/,
https://thepointsguy.com/news/talking-points-10-united-app/,
https://thepointsguy.com/news/apple-spends-150-million-on-flights-with-united-every-year/,
https://thepointsguy.com/news/1000-free-miles-united-mileageplus-x/,
https://thepointsguy.com/news/lax-polaris-lounge-first-look/,
https://thepointsguy.com/news/oscar-munoz-talks-shutdown/,
https://thepointsguy.com/news/united-worlds-second-largest-airline-by-passenger-traffic/,
https://thepointsguy.com/news/5-things-new-united-app/,
https://thepointsguy.com/news/united-explorer-last-day/,
https://thepointsguy.com/news/united-tightens-rules-on-emotional-support-animals/,
https://thepointsguy.com/news/united-landing-gear-issue-emergency-landing/